date,call_rate
1/1/2004,
1/2/2004,3.77
1/3/2004,
1/4/2004,
1/5/2004,3.76
1/6/2004,3.74
1/7/2004,3.75
1/8/2004,3.78
1/9/2004,3.78
1/10/2004,
1/11/2004,
1/12/2004,3.79
1/13/2004,3.79
1/14/2004,3.79
1/15/2004,3.8
1/16/2004,3.8
1/17/2004,
1/18/2004,
1/19/2004,3.77
1/20/2004,3.75
1/21/2004,
1/22/2004,
1/23/2004,
1/24/2004,
1/25/2004,
1/26/2004,3.81
1/27/2004,3.78
1/28/2004,3.78
1/29/2004,3.78
1/30/2004,3.78
1/31/2004,
2/1/2004,
2/2/2004,3.78
2/3/2004,3.77
2/4/2004,3.78
2/5/2004,3.79
2/6/2004,3.74
2/7/2004,
2/8/2004,
2/9/2004,3.78
2/10/2004,3.79
2/11/2004,3.79
2/12/2004,3.73
2/13/2004,3.73
2/14/2004,
2/15/2004,
2/16/2004,3.68
2/17/2004,3.68
2/18/2004,3.73
2/19/2004,3.78
2/20/2004,3.76
2/21/2004,
2/22/2004,
2/23/2004,3.78
2/24/2004,3.78
2/25/2004,3.78
2/26/2004,3.78
2/27/2004,3.78
2/28/2004,
2/29/2004,
3/1/2004,
3/2/2004,3.79
3/3/2004,3.79
3/4/2004,3.74
3/5/2004,3.75
3/6/2004,
3/7/2004,
3/8/2004,3.79
3/9/2004,3.78
3/10/2004,3.8
3/11/2004,3.79
3/12/2004,3.78
3/13/2004,
3/14/2004,
3/15/2004,3.78
3/16/2004,3.73
3/17/2004,3.73
3/18/2004,3.67
3/19/2004,3.73
3/20/2004,
3/21/2004,
3/22/2004,3.72
3/23/2004,3.78
3/24/2004,3.78
3/25/2004,3.77
3/26/2004,3.75
3/27/2004,
3/28/2004,
3/29/2004,3.73
3/30/2004,3.73
3/31/2004,3.74
4/1/2004,3.75
4/2/2004,3.76
4/3/2004,
4/4/2004,
4/5/2004,
4/6/2004,3.69
4/7/2004,3.69
4/8/2004,3.75
4/9/2004,3.75
4/10/2004,
4/11/2004,
4/12/2004,3.76
4/13/2004,3.75
4/14/2004,3.75
4/15/2004,
4/16/2004,3.76
4/17/2004,
4/18/2004,
4/19/2004,3.75
4/20/2004,3.76
4/21/2004,3.7
4/22/2004,3.7
4/23/2004,3.76
4/24/2004,
4/25/2004,
4/26/2004,3.77
4/27/2004,3.76
4/28/2004,3.76
4/29/2004,3.76
4/30/2004,3.76
5/1/2004,
5/2/2004,
5/3/2004,3.76
5/4/2004,3.75
5/5/2004,
5/6/2004,3.72
5/7/2004,3.68
5/8/2004,
5/9/2004,
5/10/2004,3.78
5/11/2004,3.77
5/12/2004,3.77
5/13/2004,3.77
5/14/2004,3.76
5/15/2004,
5/16/2004,
5/17/2004,3.76
5/18/2004,3.76
5/19/2004,3.75
5/20/2004,3.71
5/21/2004,3.69
5/22/2004,
5/23/2004,
5/24/2004,3.77
5/25/2004,3.77
5/26/2004,
5/27/2004,3.77
5/28/2004,3.75
5/29/2004,
5/30/2004,
5/31/2004,3.77
6/1/2004,3.76
6/2/2004,3.76
6/3/2004,3.76
6/4/2004,3.67
6/5/2004,
6/6/2004,
6/7/2004,3.7
6/8/2004,3.77
6/9/2004,3.76
6/10/2004,3.77
6/11/2004,3.77
6/12/2004,
6/13/2004,
6/14/2004,3.77
6/15/2004,3.77
6/16/2004,3.77
6/17/2004,3.77
6/18/2004,3.77
6/19/2004,
6/20/2004,
6/21/2004,3.67
6/22/2004,3.68
6/23/2004,3.77
6/24/2004,3.78
6/25/2004,3.78
6/26/2004,
6/27/2004,
6/28/2004,3.77
6/29/2004,3.76
6/30/2004,3.78
7/1/2004,3.78
7/2/2004,3.78
7/3/2004,
7/4/2004,
7/5/2004,3.77
7/6/2004,3.71
7/7/2004,3.69
7/8/2004,3.77
7/9/2004,3.77
7/10/2004,
7/11/2004,
7/12/2004,3.76
7/13/2004,3.76
7/14/2004,3.76
7/15/2004,3.77
7/16/2004,3.76
7/17/2004,
7/18/2004,
7/19/2004,3.76
7/20/2004,3.77
7/21/2004,3.71
7/22/2004,3.7
7/23/2004,3.78
7/24/2004,
7/25/2004,
7/26/2004,3.79
7/27/2004,3.78
7/28/2004,3.77
7/29/2004,3.78
7/30/2004,3.77
7/31/2004,
8/1/2004,
8/2/2004,3.78
8/3/2004,3.78
8/4/2004,3.77
8/5/2004,3.7
8/6/2004,3.69
8/7/2004,
8/8/2004,
8/9/2004,3.77
8/10/2004,3.78
8/11/2004,3.78
8/12/2004,3.53
8/13/2004,3.53
8/14/2004,
8/15/2004,
8/16/2004,3.53
8/17/2004,3.52
8/18/2004,3.53
8/19/2004,3.51
8/20/2004,3.46
8/21/2004,
8/22/2004,
8/23/2004,3.52
8/24/2004,3.52
8/25/2004,3.52
8/26/2004,3.52
8/27/2004,3.51
8/28/2004,
8/29/2004,
8/30/2004,3.51
8/31/2004,3.52
9/1/2004,3.53
9/2/2004,3.52
9/3/2004,3.52
9/4/2004,
9/5/2004,
9/6/2004,3.49
9/7/2004,3.45
9/8/2004,3.53
9/9/2004,3.53
9/10/2004,3.53
9/11/2004,
9/12/2004,
9/13/2004,3.52
9/14/2004,3.52
9/15/2004,3.53
9/16/2004,3.52
9/17/2004,3.52
9/18/2004,
9/19/2004,
9/20/2004,3.53
9/21/2004,3.44
9/22/2004,3.43
9/23/2004,3.55
9/24/2004,3.54
9/25/2004,
9/26/2004,
9/27/2004,
9/28/2004,
9/29/2004,
9/30/2004,3.55
10/1/2004,3.53
10/2/2004,
10/3/2004,
10/4/2004,3.52
10/5/2004,3.53
10/6/2004,3.45
10/7/2004,3.47
10/8/2004,3.53
10/9/2004,
10/10/2004,
10/11/2004,3.53
10/12/2004,3.52
10/13/2004,3.52
10/14/2004,3.51
10/15/2004,3.52
10/16/2004,
10/17/2004,
10/18/2004,3.51
10/19/2004,3.52
10/20/2004,3.52
10/21/2004,3.48
10/22/2004,3.45
10/23/2004,
10/24/2004,
10/25/2004,3.54
10/26/2004,3.52
10/27/2004,3.53
10/28/2004,3.54
10/29/2004,3.53
10/30/2004,
10/31/2004,
11/1/2004,3.53
11/2/2004,3.53
11/3/2004,3.53
11/4/2004,3.53
11/5/2004,3.52
11/6/2004,
11/7/2004,
11/8/2004,3.52
11/9/2004,3.53
11/10/2004,3.53
11/11/2004,3.28
11/12/2004,3.28
11/13/2004,
11/14/2004,
11/15/2004,3.26
11/16/2004,3.26
11/17/2004,3.27
11/18/2004,3.27
11/19/2004,3.23
11/20/2004,
11/21/2004,
11/22/2004,3.22
11/23/2004,3.26
11/24/2004,3.26
11/25/2004,3.26
11/26/2004,3.25
11/27/2004,
11/28/2004,
11/29/2004,3.25
11/30/2004,3.26
12/1/2004,3.26
12/2/2004,3.26
12/3/2004,3.26
12/4/2004,
12/5/2004,
12/6/2004,3.23
12/7/2004,3.19
12/8/2004,3.27
12/9/2004,3.27
12/10/2004,3.28
12/11/2004,
12/12/2004,
12/13/2004,3.28
12/14/2004,3.28
12/15/2004,3.28
12/16/2004,3.28
12/17/2004,3.28
12/18/2004,
12/19/2004,
12/20/2004,3.29
12/21/2004,3.2
12/22/2004,3.19
12/23/2004,3.28
12/24/2004,3.29
12/25/2004,
12/26/2004,
12/27/2004,3.29
12/28/2004,3.27
12/29/2004,3.26
12/30/2004,3.28
12/31/2004,3.29
1/1/2005,
1/2/2005,
1/3/2005,3.27
1/4/2005,3.27
1/5/2005,3.28
1/6/2005,3.21
1/7/2005,3.22
1/8/2005,
1/9/2005,
1/10/2005,3.27
1/11/2005,3.28
1/12/2005,3.27
1/13/2005,3.28
1/14/2005,3.26
1/15/2005,
1/16/2005,
1/17/2005,3.25
1/18/2005,3.25
1/19/2005,3.25
1/20/2005,3.23
1/21/2005,3.19
1/22/2005,
1/23/2005,
1/24/2005,3.25
1/25/2005,3.25
1/26/2005,3.26
1/27/2005,3.24
1/28/2005,3.25
1/29/2005,
1/30/2005,
1/31/2005,3.26
2/1/2005,3.26
2/2/2005,3.25
2/3/2005,3.26
2/4/2005,3.22
2/5/2005,
2/6/2005,
2/7/2005,3.18
2/8/2005,
2/9/2005,
2/10/2005,
2/11/2005,3.27
2/12/2005,
2/13/2005,
2/14/2005,3.26
2/15/2005,3.26
2/16/2005,3.26
2/17/2005,3.27
2/18/2005,3.26
2/19/2005,
2/20/2005,
2/21/2005,3.26
2/22/2005,3.22
2/23/2005,3.28
2/24/2005,3.27
2/25/2005,3.28
2/26/2005,
2/27/2005,
2/28/2005,3.28
3/1/2005,
3/2/2005,3.28
3/3/2005,3.27
3/4/2005,3.25
3/5/2005,
3/6/2005,
3/7/2005,3.17
3/8/2005,3.27
3/9/2005,3.27
3/10/2005,3.26
3/11/2005,3.25
3/12/2005,
3/13/2005,
3/14/2005,3.24
3/15/2005,3.24
3/16/2005,3.23
3/17/2005,3.23
3/18/2005,3.23
3/19/2005,
3/20/2005,
3/21/2005,3.16
3/22/2005,3.17
3/23/2005,3.23
3/24/2005,3.23
3/25/2005,3.26
3/26/2005,
3/27/2005,
3/28/2005,3.25
3/29/2005,3.24
3/30/2005,3.25
3/31/2005,3.26
4/1/2005,3.25
4/2/2005,
4/3/2005,
4/4/2005,3.24
4/5/2005,
4/6/2005,3.23
4/7/2005,3.23
4/8/2005,3.26
4/9/2005,
4/10/2005,
4/11/2005,3.25
4/12/2005,3.24
4/13/2005,3.25
4/14/2005,3.25
4/15/2005,3.26
4/16/2005,
4/17/2005,
4/18/2005,3.25
4/19/2005,3.26
4/20/2005,3.26
4/21/2005,3.23
4/22/2005,3.24
4/23/2005,
4/24/2005,
4/25/2005,3.26
4/26/2005,3.26
4/27/2005,3.27
4/28/2005,3.27
4/29/2005,3.29
4/30/2005,
5/1/2005,
5/2/2005,3.29
5/3/2005,3.3
5/4/2005,3.21
5/5/2005,
5/6/2005,3.27
5/7/2005,
5/8/2005,
5/9/2005,3.29
5/10/2005,3.3
5/11/2005,3.3
5/12/2005,3.3
5/13/2005,3.29
5/14/2005,
5/15/2005,
5/16/2005,3.29
5/17/2005,3.29
5/18/2005,3.29
5/19/2005,3.19
5/20/2005,3.23
5/21/2005,
5/22/2005,
5/23/2005,3.29
5/24/2005,3.29
5/25/2005,3.29
5/26/2005,3.29
5/27/2005,3.29
5/28/2005,
5/29/2005,
5/30/2005,3.29
5/31/2005,3.29
6/1/2005,3.28
6/2/2005,3.28
6/3/2005,3.21
6/4/2005,
6/5/2005,
6/6/2005,
6/7/2005,3.2
6/8/2005,3.28
6/9/2005,3.28
6/10/2005,3.29
6/11/2005,
6/12/2005,
6/13/2005,3.28
6/14/2005,3.29
6/15/2005,3.28
6/16/2005,3.27
6/17/2005,3.27
6/18/2005,
6/19/2005,
6/20/2005,3.27
6/21/2005,3.2
6/22/2005,3.21
6/23/2005,3.27
6/24/2005,3.27
6/25/2005,
6/26/2005,
6/27/2005,3.27
6/28/2005,3.26
6/29/2005,3.26
6/30/2005,3.3
7/1/2005,3.26
7/2/2005,
7/3/2005,
7/4/2005,3.25
7/5/2005,3.23
7/6/2005,3.09
7/7/2005,3.03
7/8/2005,3.12
7/9/2005,
7/10/2005,
7/11/2005,3.21
7/12/2005,3.21
7/13/2005,3.27
7/14/2005,3.27
7/15/2005,3.26
7/16/2005,
7/17/2005,
7/18/2005,3.26
7/19/2005,3.27
7/20/2005,3.27
7/21/2005,3.21
7/22/2005,3.29
7/23/2005,
7/24/2005,
7/25/2005,3.28
7/26/2005,3.27
7/27/2005,3.27
7/28/2005,3.28
7/29/2005,3.27
7/30/2005,
7/31/2005,
8/1/2005,3.27
8/2/2005,3.27
8/3/2005,3.27
8/4/2005,3.27
8/5/2005,3.23
8/6/2005,
8/7/2005,
8/8/2005,3.26
8/9/2005,3.26
8/10/2005,3.26
8/11/2005,3.26
8/12/2005,3.25
8/13/2005,
8/14/2005,
8/15/2005,
8/16/2005,3.24
8/17/2005,3.24
8/18/2005,3.24
8/19/2005,3.21
8/20/2005,
8/21/2005,
8/22/2005,3.19
8/23/2005,3.24
8/24/2005,3.24
8/25/2005,3.24
8/26/2005,3.23
8/27/2005,
8/28/2005,
8/29/2005,3.24
8/30/2005,3.24
8/31/2005,3.25
9/1/2005,3.25
9/2/2005,3.25
9/3/2005,
9/4/2005,
9/5/2005,3.25
9/6/2005,3.22
9/7/2005,3.2
9/8/2005,3.24
9/9/2005,3.23
9/10/2005,
9/11/2005,
9/12/2005,3.23
9/13/2005,3.24
9/14/2005,3.24
9/15/2005,3.25
9/16/2005,3.24
9/17/2005,
9/18/2005,
9/19/2005,
9/20/2005,3.24
9/21/2005,3.2
9/22/2005,3.22
9/23/2005,3.25
9/24/2005,
9/25/2005,
9/26/2005,3.25
9/27/2005,3.24
9/28/2005,3.25
9/29/2005,3.26
9/30/2005,3.28
10/1/2005,
10/2/2005,
10/3/2005,
10/4/2005,3.26
10/5/2005,3.25
10/6/2005,3.19
10/7/2005,3.19
10/8/2005,
10/9/2005,
10/10/2005,3.26
10/11/2005,3.5
10/12/2005,3.5
10/13/2005,3.49
10/14/2005,3.49
10/15/2005,
10/16/2005,
10/17/2005,3.5
10/18/2005,3.49
10/19/2005,3.49
10/20/2005,3.47
10/21/2005,3.47
10/22/2005,
10/23/2005,
10/24/2005,3.49
10/25/2005,3.5
10/26/2005,3.5
10/27/2005,3.49
10/28/2005,3.49
10/29/2005,
10/30/2005,
10/31/2005,3.51
11/1/2005,3.51
11/2/2005,3.5
11/3/2005,3.5
11/4/2005,3.45
11/5/2005,
11/6/2005,
11/7/2005,3.52
11/8/2005,3.49
11/9/2005,3.49
11/10/2005,3.49
11/11/2005,3.49
11/12/2005,
11/13/2005,
11/14/2005,3.49
11/15/2005,3.49
11/16/2005,3.49
11/17/2005,3.49
11/18/2005,3.49
11/19/2005,
11/20/2005,
11/21/2005,3.44
11/22/2005,3.46
11/23/2005,3.49
11/24/2005,3.5
11/25/2005,3.5
11/26/2005,
11/27/2005,
11/28/2005,3.49
11/29/2005,3.49
11/30/2005,3.5
12/1/2005,3.5
12/2/2005,3.49
12/3/2005,
12/4/2005,
12/5/2005,3.48
12/6/2005,3.43
12/7/2005,3.47
12/8/2005,3.73
12/9/2005,3.73
12/10/2005,
12/11/2005,
12/12/2005,3.74
12/13/2005,3.74
12/14/2005,3.75
12/15/2005,3.74
12/16/2005,3.74
12/17/2005,
12/18/2005,
12/19/2005,3.74
12/20/2005,3.75
12/21/2005,3.7
12/22/2005,3.68
12/23/2005,3.74
12/24/2005,
12/25/2005,
12/26/2005,3.75
12/27/2005,3.74
12/28/2005,3.74
12/29/2005,3.75
12/30/2005,3.76
12/31/2005,
1/1/2006,
1/2/2006,3.74
1/3/2006,3.74
1/4/2006,3.74
1/5/2006,3.7
1/6/2006,3.69
1/7/2006,
1/8/2006,
1/9/2006,3.74
1/10/2006,3.74
1/11/2006,3.74
1/12/2006,3.74
1/13/2006,3.73
1/14/2006,
1/15/2006,
1/16/2006,3.74
1/17/2006,3.74
1/18/2006,3.74
1/19/2006,3.7
1/20/2006,3.72
1/21/2006,
1/22/2006,
1/23/2006,3.74
1/24/2006,3.74
1/25/2006,3.75
1/26/2006,3.76
1/27/2006,3.75
1/28/2006,
1/29/2006,
1/30/2006,
1/31/2006,3.76
2/1/2006,3.75
2/2/2006,3.74
2/3/2006,3.73
2/4/2006,
2/5/2006,
2/6/2006,3.69
2/7/2006,3.68
2/8/2006,3.74
2/9/2006,3.99
2/10/2006,3.99
2/11/2006,
2/12/2006,
2/13/2006,3.99
2/14/2006,3.99
2/15/2006,3.99
2/16/2006,3.99
2/17/2006,3.98
2/18/2006,
2/19/2006,
2/20/2006,3.98
2/21/2006,3.95
2/22/2006,3.97
2/23/2006,3.99
2/24/2006,3.99
2/25/2006,
2/26/2006,
2/27/2006,3.99
2/28/2006,3.99
3/1/2006,
3/2/2006,3.99
3/3/2006,3.98
3/4/2006,
3/5/2006,
3/6/2006,3.95
3/7/2006,3.94
3/8/2006,3.98
3/9/2006,3.98
3/10/2006,3.98
3/11/2006,
3/12/2006,
3/13/2006,3.98
3/14/2006,3.98
3/15/2006,3.98
3/16/2006,3.98
3/17/2006,3.97
3/18/2006,
3/19/2006,
3/20/2006,3.98
3/21/2006,3.95
3/22/2006,3.92
3/23/2006,3.97
3/24/2006,3.97
3/25/2006,
3/26/2006,
3/27/2006,3.98
3/28/2006,3.97
3/29/2006,3.96
3/30/2006,3.96
3/31/2006,3.97
4/1/2006,
4/2/2006,
4/3/2006,3.97
4/4/2006,3.96
4/5/2006,3.96
4/6/2006,3.93
4/7/2006,3.92
4/8/2006,
4/9/2006,
4/10/2006,3.97
4/11/2006,3.97
4/12/2006,3.97
4/13/2006,3.96
4/14/2006,3.96
4/15/2006,
4/16/2006,
4/17/2006,3.96
4/18/2006,3.96
4/19/2006,3.99
4/20/2006,3.97
4/21/2006,4
4/22/2006,
4/23/2006,
4/24/2006,3.97
4/25/2006,3.97
4/26/2006,3.97
4/27/2006,3.97
4/28/2006,3.97
4/29/2006,
4/30/2006,
5/1/2006,
5/2/2006,3.97
5/3/2006,3.97
5/4/2006,3.94
5/5/2006,
5/6/2006,
5/7/2006,
5/8/2006,3.96
5/9/2006,3.96
5/10/2006,3.97
5/11/2006,3.97
5/12/2006,3.96
5/13/2006,
5/14/2006,
5/15/2006,3.96
5/16/2006,3.96
5/17/2006,3.96
5/18/2006,3.96
5/19/2006,3.94
5/20/2006,
5/21/2006,
5/22/2006,3.93
5/23/2006,3.96
5/24/2006,3.96
5/25/2006,3.96
5/26/2006,3.95
5/27/2006,
5/28/2006,
5/29/2006,3.96
5/30/2006,3.96
5/31/2006,
6/1/2006,3.96
6/2/2006,3.95
6/3/2006,
6/4/2006,
6/5/2006,3.94
6/6/2006,
6/7/2006,3.96
6/8/2006,4.2
6/9/2006,4.2
6/10/2006,
6/11/2006,
6/12/2006,4.2
6/13/2006,4.21
6/14/2006,4.2
6/15/2006,4.21
6/16/2006,4.19
6/17/2006,
6/18/2006,
6/19/2006,4.19
6/20/2006,4.19
6/21/2006,4.18
6/22/2006,4.2
6/23/2006,4.2
6/24/2006,
6/25/2006,
6/26/2006,4.2
6/27/2006,4.2
6/28/2006,4.19
6/29/2006,4.2
6/30/2006,4.21
7/1/2006,
7/2/2006,
7/3/2006,4.2
7/4/2006,4.2
7/5/2006,4.2
7/6/2006,4.18
7/7/2006,4.19
7/8/2006,
7/9/2006,
7/10/2006,4.2
7/11/2006,4.2
7/12/2006,4.2
7/13/2006,4.2
7/14/2006,4.21
7/15/2006,
7/16/2006,
7/17/2006,
7/18/2006,4.21
7/19/2006,4.21
7/20/2006,4.18
7/21/2006,4.24
7/22/2006,
7/23/2006,
7/24/2006,4.23
7/25/2006,4.23
7/26/2006,4.23
7/27/2006,4.22
7/28/2006,4.22
7/29/2006,
7/30/2006,
7/31/2006,4.22
8/1/2006,4.21
8/2/2006,4.22
8/3/2006,4.23
8/4/2006,4.29
8/5/2006,
8/6/2006,
8/7/2006,4.25
8/8/2006,4.25
8/9/2006,4.25
8/10/2006,4.49
8/11/2006,4.5
8/12/2006,
8/13/2006,
8/14/2006,4.49
8/15/2006,
8/16/2006,4.49
8/17/2006,4.49
8/18/2006,4.48
8/19/2006,
8/20/2006,
8/21/2006,4.48
8/22/2006,4.46
8/23/2006,4.48
8/24/2006,4.49
8/25/2006,4.49
8/26/2006,
8/27/2006,
8/28/2006,4.48
8/29/2006,4.48
8/30/2006,4.48
8/31/2006,4.49
9/1/2006,4.48
9/2/2006,
9/3/2006,
9/4/2006,4.47
9/5/2006,4.47
9/6/2006,4.43
9/7/2006,4.43
9/8/2006,4.48
9/9/2006,
9/10/2006,
9/11/2006,4.48
9/12/2006,4.47
9/13/2006,4.48
9/14/2006,4.47
9/15/2006,4.47
9/16/2006,
9/17/2006,
9/18/2006,4.47
9/19/2006,4.47
9/20/2006,4.47
9/21/2006,4.46
9/22/2006,4.45
9/23/2006,
9/24/2006,
9/25/2006,4.48
9/26/2006,4.48
9/27/2006,4.47
9/28/2006,4.47
9/29/2006,4.48
9/30/2006,
10/1/2006,
10/2/2006,4.43
10/3/2006,
10/4/2006,4.44
10/5/2006,
10/6/2006,
10/7/2006,
10/8/2006,
10/9/2006,4.47
10/10/2006,4.48
10/11/2006,4.47
10/12/2006,4.48
10/13/2006,4.48
10/14/2006,
10/15/2006,
10/16/2006,4.48
10/17/2006,4.48
10/18/2006,4.48
10/19/2006,4.48
10/20/2006,4.47
10/21/2006,
10/22/2006,
10/23/2006,4.48
10/24/2006,4.47
10/25/2006,4.48
10/26/2006,4.48
10/27/2006,4.47
10/28/2006,
10/29/2006,
10/30/2006,4.48
10/31/2006,4.48
11/1/2006,4.47
11/2/2006,4.47
11/3/2006,4.47
11/4/2006,
11/5/2006,
11/6/2006,4.44
11/7/2006,4.45
11/8/2006,4.48
11/9/2006,4.48
11/10/2006,4.47
11/11/2006,
11/12/2006,
11/13/2006,4.47
11/14/2006,4.47
11/15/2006,4.48
11/16/2006,4.48
11/17/2006,4.47
11/18/2006,
11/19/2006,
11/20/2006,4.47
11/21/2006,4.49
11/22/2006,4.45
11/23/2006,4.47
11/24/2006,4.47
11/25/2006,
11/26/2006,
11/27/2006,4.46
11/28/2006,4.47
11/29/2006,4.47
11/30/2006,4.49
12/1/2006,4.47
12/2/2006,
12/3/2006,
12/4/2006,4.47
12/5/2006,4.46
12/6/2006,4.48
12/7/2006,4.37
12/8/2006,4.46
12/9/2006,
12/10/2006,
12/11/2006,4.45
12/12/2006,4.45
12/13/2006,4.47
12/14/2006,4.47
12/15/2006,4.48
12/16/2006,
12/17/2006,
12/18/2006,4.48
12/19/2006,4.49
12/20/2006,4.5
12/21/2006,4.48
12/22/2006,4.51
12/23/2006,
12/24/2006,
12/25/2006,
12/26/2006,4.56
12/27/2006,4.55
12/28/2006,4.58
12/29/2006,4.6
12/30/2006,
12/31/2006,
1/1/2007,
1/2/2007,4.54
1/3/2007,4.56
1/4/2007,4.67
1/5/2007,4.67
1/6/2007,
1/7/2007,
1/8/2007,4.61
1/9/2007,4.62
1/10/2007,4.67
1/11/2007,4.63
1/12/2007,4.64
1/13/2007,
1/14/2007,
1/15/2007,4.64
1/16/2007,4.64
1/17/2007,4.67
1/18/2007,4.71
1/19/2007,4.58
1/20/2007,
1/21/2007,
1/22/2007,4.57
1/23/2007,4.6
1/24/2007,4.61
1/25/2007,4.62
1/26/2007,4.7
1/27/2007,
1/28/2007,
1/29/2007,4.7
1/30/2007,4.61
1/31/2007,4.61
2/1/2007,4.6
2/2/2007,4.59
2/3/2007,
2/4/2007,
2/5/2007,4.54
2/6/2007,4.44
2/7/2007,4.44
2/8/2007,4.55
2/9/2007,4.55
2/10/2007,
2/11/2007,
2/12/2007,4.56
2/13/2007,4.61
2/14/2007,4.68
2/15/2007,4.7
2/16/2007,4.85
2/17/2007,
2/18/2007,
2/19/2007,
2/20/2007,4.76
2/21/2007,4.57
2/22/2007,4.55
2/23/2007,4.56
2/24/2007,
2/25/2007,
2/26/2007,4.5
2/27/2007,4.5
2/28/2007,4.55
3/1/2007,
3/2/2007,4.54
3/3/2007,
3/4/2007,
3/5/2007,4.59
3/6/2007,4.55
3/7/2007,4.5
3/8/2007,4.55
3/9/2007,4.59
3/10/2007,
3/11/2007,
3/12/2007,4.61
3/13/2007,4.61
3/14/2007,4.64
3/15/2007,4.64
3/16/2007,4.64
3/17/2007,
3/18/2007,
3/19/2007,4.64
3/20/2007,4.61
3/21/2007,4.51
3/22/2007,4.43
3/23/2007,4.59
3/24/2007,
3/25/2007,
3/26/2007,4.61
3/27/2007,4.61
3/28/2007,4.58
3/29/2007,4.61
3/30/2007,4.63
3/31/2007,
4/1/2007,
4/2/2007,4.63
4/3/2007,4.63
4/4/2007,4.6
4/5/2007,4.41
4/6/2007,4.32
4/7/2007,
4/8/2007,
4/9/2007,4.61
4/10/2007,4.61
4/11/2007,4.61
4/12/2007,4.62
4/13/2007,4.62
4/14/2007,
4/15/2007,
4/16/2007,4.63
4/17/2007,4.63
4/18/2007,4.63
4/19/2007,4.6
4/20/2007,4.7
4/21/2007,
4/22/2007,
4/23/2007,4.64
4/24/2007,4.67
4/25/2007,4.74
4/26/2007,5.04
4/27/2007,5.1
4/28/2007,
4/29/2007,
4/30/2007,4.88
5/1/2007,
5/2/2007,4.77
5/3/2007,4.74
5/4/2007,4.68
5/5/2007,
5/6/2007,
5/7/2007,4.65
5/8/2007,4.63
5/9/2007,4.63
5/10/2007,4.63
5/11/2007,4.61
5/12/2007,
5/13/2007,
5/14/2007,4.62
5/15/2007,4.61
5/16/2007,4.6
5/17/2007,4.61
5/18/2007,4.57
5/19/2007,
5/20/2007,
5/21/2007,4.59
5/22/2007,4.52
5/23/2007,4.58
5/24/2007,
5/25/2007,4.58
5/26/2007,
5/27/2007,
5/28/2007,4.54
5/29/2007,4.55
5/30/2007,4.56
5/31/2007,4.56
6/1/2007,4.52
6/2/2007,
6/3/2007,
6/4/2007,4.51
6/5/2007,4.47
6/6/2007,
6/7/2007,4.43
6/8/2007,4.52
6/9/2007,
6/10/2007,
6/11/2007,4.54
6/12/2007,4.54
6/13/2007,4.58
6/14/2007,4.59
6/15/2007,4.59
6/16/2007,
6/17/2007,
6/18/2007,4.59
6/19/2007,4.59
6/20/2007,4.56
6/21/2007,4.52
6/22/2007,4.47
6/23/2007,
6/24/2007,
6/25/2007,4.52
6/26/2007,4.51
6/27/2007,4.51
6/28/2007,4.51
6/29/2007,4.52
6/30/2007,
7/1/2007,
7/2/2007,4.5
7/3/2007,4.5
7/4/2007,4.48
7/5/2007,4.42
7/6/2007,4.36
7/7/2007,
7/8/2007,
7/9/2007,4.47
7/10/2007,4.47
7/11/2007,4.48
7/12/2007,4.71
7/13/2007,4.71
7/14/2007,
7/15/2007,
7/16/2007,4.73
7/17/2007,
7/18/2007,4.77
7/19/2007,4.85
7/20/2007,4.88
7/21/2007,
7/22/2007,
7/23/2007,4.78
7/24/2007,4.78
7/25/2007,4.78
7/26/2007,4.78
7/27/2007,4.77
7/28/2007,
7/29/2007,
7/30/2007,4.76
7/31/2007,4.76
8/1/2007,4.58
8/2/2007,4.65
8/3/2007,4.69
8/4/2007,
8/5/2007,
8/6/2007,4.67
8/7/2007,4.68
8/8/2007,4.7
8/9/2007,5.01
8/10/2007,5.01
8/11/2007,
8/12/2007,
8/13/2007,5
8/14/2007,4.99
8/15/2007,
8/16/2007,4.98
8/17/2007,4.98
8/18/2007,
8/19/2007,
8/20/2007,4.98
8/21/2007,4.98
8/22/2007,4.98
8/23/2007,4.98
8/24/2007,4.98
8/25/2007,
8/26/2007,
8/27/2007,4.98
8/28/2007,4.98
8/29/2007,4.97
8/30/2007,4.97
8/31/2007,4.98
9/1/2007,
9/2/2007,
9/3/2007,5
9/4/2007,4.98
9/5/2007,4.97
9/6/2007,4.92
9/7/2007,4.89
9/8/2007,
9/9/2007,
9/10/2007,4.97
9/11/2007,4.98
9/12/2007,4.98
9/13/2007,4.99
9/14/2007,4.99
9/15/2007,
9/16/2007,
9/17/2007,4.99
9/18/2007,4.99
9/19/2007,4.97
9/20/2007,4.91
9/21/2007,4.9
9/22/2007,
9/23/2007,
9/24/2007,
9/25/2007,
9/26/2007,
9/27/2007,4.98
9/28/2007,4.98
9/29/2007,
9/30/2007,
10/1/2007,4.99
10/2/2007,4.98
10/3/2007,
10/4/2007,5.01
10/5/2007,4.99
10/6/2007,
10/7/2007,
10/8/2007,4.98
10/9/2007,4.98
10/10/2007,4.99
10/11/2007,5
10/12/2007,5.01
10/13/2007,
10/14/2007,
10/15/2007,5.02
10/16/2007,5.01
10/17/2007,5
10/18/2007,5
10/19/2007,5.02
10/20/2007,
10/21/2007,
10/22/2007,4.99
10/23/2007,5
10/24/2007,5.02
10/25/2007,5.02
10/26/2007,5.02
10/27/2007,
10/28/2007,
10/29/2007,5.01
10/30/2007,5.02
10/31/2007,5.02
11/1/2007,5
11/2/2007,4.98
11/3/2007,
11/4/2007,
11/5/2007,4.98
11/6/2007,5.03
11/7/2007,5
11/8/2007,5.01
11/9/2007,5.01
11/10/2007,
11/11/2007,
11/12/2007,5.02
11/13/2007,5.01
11/14/2007,5.01
11/15/2007,5.01
11/16/2007,5.01
11/17/2007,
11/18/2007,
11/19/2007,5.01
11/20/2007,4.98
11/21/2007,4.99
11/22/2007,4.98
11/23/2007,5
11/24/2007,
11/25/2007,
11/26/2007,5.01
11/27/2007,5
11/28/2007,5.01
11/29/2007,5.01
11/30/2007,5.02
12/1/2007,
12/2/2007,
12/3/2007,5
12/4/2007,5
12/5/2007,4.96
12/6/2007,4.86
12/7/2007,4.79
12/8/2007,
12/9/2007,
12/10/2007,4.99
12/11/2007,4.99
12/12/2007,5
12/13/2007,5
12/14/2007,4.99
12/15/2007,
12/16/2007,
12/17/2007,5
12/18/2007,5
12/19/2007,
12/20/2007,5
12/21/2007,4.99
12/22/2007,
12/23/2007,
12/24/2007,5
12/25/2007,
12/26/2007,5
12/27/2007,5
12/28/2007,5.01
12/29/2007,
12/30/2007,
12/31/2007,5.02
1/1/2008,
1/2/2008,4.96
1/3/2008,4.98
1/4/2008,4.98
1/5/2008,
1/6/2008,
1/7/2008,4.95
1/8/2008,4.98
1/9/2008,4.99
1/10/2008,5.01
1/11/2008,5
1/12/2008,
1/13/2008,
1/14/2008,5.01
1/15/2008,5.01
1/16/2008,5.02
1/17/2008,5.02
1/18/2008,4.97
1/19/2008,
1/20/2008,
1/21/2008,4.93
1/22/2008,4.91
1/23/2008,5.01
1/24/2008,5.01
1/25/2008,5.01
1/26/2008,
1/27/2008,
1/28/2008,5.01
1/29/2008,5
1/30/2008,4.98
1/31/2008,4.96
2/1/2008,4.91
2/2/2008,
2/3/2008,
2/4/2008,4.96
2/5/2008,4.93
2/6/2008,
2/7/2008,
2/8/2008,
2/9/2008,
2/10/2008,
2/11/2008,5
2/12/2008,5
2/13/2008,5
2/14/2008,5
2/15/2008,5
2/16/2008,
2/17/2008,
2/18/2008,4.98
2/19/2008,4.95
2/20/2008,4.95
2/21/2008,5.02
2/22/2008,5.01
2/23/2008,
2/24/2008,
2/25/2008,4.98
2/26/2008,4.95
2/27/2008,4.94
2/28/2008,4.96
2/29/2008,4.94
3/1/2008,
3/2/2008,
3/3/2008,4.94
3/4/2008,4.95
3/5/2008,4.94
3/6/2008,5
3/7/2008,5
3/8/2008,
3/9/2008,
3/10/2008,4.99
3/11/2008,4.99
3/12/2008,4.98
3/13/2008,4.98
3/14/2008,4.98
3/15/2008,
3/16/2008,
3/17/2008,4.96
3/18/2008,4.99
3/19/2008,4.94
3/20/2008,4.98
3/21/2008,4.98
3/22/2008,
3/23/2008,
3/24/2008,4.97
3/25/2008,4.97
3/26/2008,4.94
3/27/2008,4.94
3/28/2008,4.96
3/29/2008,
3/30/2008,
3/31/2008,4.98
4/1/2008,4.97
4/2/2008,5
4/3/2008,5.01
4/4/2008,5.1
4/5/2008,
4/6/2008,
4/7/2008,5.04
4/8/2008,5.03
4/9/2008,
4/10/2008,4.98
4/11/2008,5
4/12/2008,
4/13/2008,
4/14/2008,5
4/15/2008,5
4/16/2008,5
4/17/2008,5
4/18/2008,5
4/19/2008,
4/20/2008,
4/21/2008,4.97
4/22/2008,4.98
4/23/2008,4.98
4/24/2008,5
4/25/2008,4.96
4/26/2008,
4/27/2008,
4/28/2008,4.89
4/29/2008,4.94
4/30/2008,4.95
5/1/2008,
5/2/2008,4.96
5/3/2008,
5/4/2008,
5/5/2008,
5/6/2008,5.19
5/7/2008,5.18
5/8/2008,5.01
5/9/2008,5
5/10/2008,
5/11/2008,
5/12/2008,
5/13/2008,4.93
5/14/2008,4.87
5/15/2008,4.9
5/16/2008,4.95
5/17/2008,
5/18/2008,
5/19/2008,4.93
5/20/2008,4.63
5/21/2008,4.62
5/22/2008,5
5/23/2008,5
5/24/2008,
5/25/2008,
5/26/2008,5
5/27/2008,5.01
5/28/2008,5.03
5/29/2008,5.03
5/30/2008,5.04
5/31/2008,
6/1/2008,
6/2/2008,5
6/3/2008,5
6/4/2008,5
6/5/2008,5
6/6/2008,
6/7/2008,
6/8/2008,
6/9/2008,4.81
6/10/2008,4.57
6/11/2008,4.57
6/12/2008,4.99
6/13/2008,4.99
6/14/2008,
6/15/2008,
6/16/2008,5.01
6/17/2008,5
6/18/2008,5
6/19/2008,5
6/20/2008,5.01
6/21/2008,
6/22/2008,
6/23/2008,4.62
6/24/2008,4.55
6/25/2008,4.55
6/26/2008,5.01
6/27/2008,4.99
6/28/2008,
6/29/2008,
6/30/2008,5.01
7/1/2008,4.99
7/2/2008,4.99
7/3/2008,4.99
7/4/2008,5.03
7/5/2008,
7/6/2008,
7/7/2008,5.01
7/8/2008,5.01
7/9/2008,5.02
7/10/2008,5.01
7/11/2008,5.01
7/12/2008,
7/13/2008,
7/14/2008,5
7/15/2008,5.01
7/16/2008,5
7/17/2008,5.01
7/18/2008,5.01
7/19/2008,
7/20/2008,
7/21/2008,4.58
7/22/2008,4.57
7/23/2008,4.59
7/24/2008,5
7/25/2008,5
7/26/2008,
7/27/2008,
7/28/2008,5.01
7/29/2008,5
7/30/2008,5
7/31/2008,5.03
8/1/2008,5.02
8/2/2008,
8/3/2008,
8/4/2008,5.02
8/5/2008,5.02
8/6/2008,5.01
8/7/2008,5.24
8/8/2008,5.24
8/9/2008,
8/10/2008,
8/11/2008,5.24
8/12/2008,5.25
8/13/2008,5.25
8/14/2008,5.25
8/15/2008,
8/16/2008,
8/17/2008,
8/18/2008,5.24
8/19/2008,5.22
8/20/2008,5.23
8/21/2008,5.25
8/22/2008,5.25
8/23/2008,
8/24/2008,
8/25/2008,5.24
8/26/2008,5.24
8/27/2008,5.24
8/28/2008,5.24
8/29/2008,5.25
8/30/2008,
8/31/2008,
9/1/2008,5.25
9/2/2008,5.24
9/3/2008,5.25
9/4/2008,5.25
9/5/2008,5.24
9/6/2008,
9/7/2008,
9/8/2008,5.25
9/9/2008,5.28
9/10/2008,5.22
9/11/2008,5.25
9/12/2008,5.25
9/13/2008,
9/14/2008,
9/15/2008,
9/16/2008,5.23
9/17/2008,5.24
9/18/2008,5.12
9/19/2008,5.07
9/20/2008,
9/21/2008,
9/22/2008,4.95
9/23/2008,4.8
9/24/2008,4.86
9/25/2008,5.23
9/26/2008,5.23
9/27/2008,
9/28/2008,
9/29/2008,5.22
9/30/2008,5.22
10/1/2008,5.22
10/2/2008,5.22
10/3/2008,
10/4/2008,
10/5/2008,
10/6/2008,5.23
10/7/2008,5.06
10/8/2008,5.12
10/9/2008,4.98
10/10/2008,4.98
10/11/2008,
10/12/2008,
10/13/2008,4.98
10/14/2008,4.98
10/15/2008,4.99
10/16/2008,4.99
10/17/2008,4.99
10/18/2008,
10/19/2008,
10/20/2008,4.97
10/21/2008,4.89
10/22/2008,4.89
10/23/2008,4.98
10/24/2008,4.98
10/25/2008,
10/26/2008,
10/27/2008,4.28
10/28/2008,4.24
10/29/2008,4.24
10/30/2008,4.21
10/31/2008,4.14
11/1/2008,
11/2/2008,
11/3/2008,4.1
11/4/2008,4.02
11/5/2008,4.04
11/6/2008,4.22
11/7/2008,3.97
11/8/2008,
11/9/2008,
11/10/2008,3.97
11/11/2008,3.98
11/12/2008,3.98
11/13/2008,3.98
11/14/2008,3.98
11/15/2008,
11/16/2008,
11/17/2008,3.93
11/18/2008,3.95
11/19/2008,3.95
11/20/2008,3.99
11/21/2008,3.98
11/22/2008,
11/23/2008,
11/24/2008,3.99
11/25/2008,3.98
11/26/2008,3.98
11/27/2008,3.98
11/28/2008,3.99
11/29/2008,
11/30/2008,
12/1/2008,3.97
12/2/2008,3.97
12/3/2008,3.97
12/4/2008,3.91
12/5/2008,3.85
12/6/2008,
12/7/2008,
12/8/2008,3.71
12/9/2008,3.61
12/10/2008,3.62
12/11/2008,3.16
12/12/2008,2.9
12/13/2008,
12/14/2008,
12/15/2008,2.83
12/16/2008,2.78
12/17/2008,2.81
12/18/2008,2.81
12/19/2008,2.82
12/20/2008,
12/21/2008,
12/22/2008,2.7
12/23/2008,2.57
12/24/2008,2.66
12/25/2008,
12/26/2008,2.99
12/27/2008,
12/28/2008,
12/29/2008,2.97
12/30/2008,2.94
12/31/2008,3.02
1/1/2009,
1/2/2009,2.87
1/3/2009,
1/4/2009,
1/5/2009,2.75
1/6/2009,2.59
1/7/2009,2.58
1/8/2009,2.98
1/9/2009,2.49
1/10/2009,
1/11/2009,
1/12/2009,2.42
1/13/2009,2.26
1/14/2009,2.22
1/15/2009,2.04
1/16/2009,2.02
1/17/2009,
1/18/2009,
1/19/2009,1.99
1/20/2009,2
1/21/2009,2.1
1/22/2009,2.51
1/23/2009,2.44
1/24/2009,
1/25/2009,
1/26/2009,
1/27/2009,
1/28/2009,2.47
1/29/2009,2.45
1/30/2009,2.41
1/31/2009,
2/1/2009,
2/2/2009,2.38
2/3/2009,2.38
2/4/2009,2.38
2/5/2009,2.39
2/6/2009,2.39
2/7/2009,
2/8/2009,
2/9/2009,2.2
2/10/2009,2.07
2/11/2009,2.06
2/12/2009,2.02
2/13/2009,1.92
2/14/2009,
2/15/2009,
2/16/2009,1.69
2/17/2009,1.76
2/18/2009,1.75
2/19/2009,1.79
2/20/2009,1.82
2/21/2009,
2/22/2009,
2/23/2009,1.76
2/24/2009,1.55
2/25/2009,1.58
2/26/2009,1.88
2/27/2009,1.87
2/28/2009,
3/1/2009,
3/2/2009,1.75
3/3/2009,1.75
3/4/2009,1.76
3/5/2009,1.75
3/6/2009,1.76
3/7/2009,
3/8/2009,
3/9/2009,1.7
3/10/2009,1.63
3/11/2009,1.64
3/12/2009,1.78
3/13/2009,1.82
3/14/2009,
3/15/2009,
3/16/2009,1.82
3/17/2009,1.94
3/18/2009,1.87
3/19/2009,1.79
3/20/2009,1.81
3/21/2009,
3/22/2009,
3/23/2009,1.74
3/24/2009,1.63
3/25/2009,1.56
3/26/2009,1.89
3/27/2009,1.76
3/28/2009,
3/29/2009,
3/30/2009,1.76
3/31/2009,1.73
4/1/2009,1.72
4/2/2009,1.65
4/3/2009,1.66
4/4/2009,
4/5/2009,
4/6/2009,1.65
4/7/2009,1.57
4/8/2009,1.58
4/9/2009,1.86
4/10/2009,1.82
4/11/2009,
4/12/2009,
4/13/2009,1.8
4/14/2009,1.79
4/15/2009,1.76
4/16/2009,1.83
4/17/2009,1.83
4/18/2009,
4/19/2009,
4/20/2009,1.86
4/21/2009,1.57
4/22/2009,1.57
4/23/2009,1.89
4/24/2009,1.84
4/25/2009,
4/26/2009,
4/27/2009,1.87
4/28/2009,1.85
4/29/2009,1.84
4/30/2009,1.85
5/1/2009,
5/2/2009,
5/3/2009,
5/4/2009,1.77
5/5/2009,
5/6/2009,1.72
5/7/2009,1.83
5/8/2009,1.92
5/9/2009,
5/10/2009,
5/11/2009,1.93
5/12/2009,1.93
5/13/2009,1.93
5/14/2009,1.93
5/15/2009,1.93
5/16/2009,
5/17/2009,
5/18/2009,1.89
5/19/2009,1.74
5/20/2009,1.73
5/21/2009,1.96
5/22/2009,1.97
5/23/2009,
5/24/2009,
5/25/2009,1.97
5/26/2009,1.97
5/27/2009,1.96
5/28/2009,1.97
5/29/2009,1.96
5/30/2009,
5/31/2009,
6/1/2009,1.95
6/2/2009,1.93
6/3/2009,1.92
6/4/2009,1.93
6/5/2009,1.93
6/6/2009,
6/7/2009,
6/8/2009,1.93
6/9/2009,1.96
6/10/2009,1.93
6/11/2009,1.96
6/12/2009,1.94
6/13/2009,
6/14/2009,
6/15/2009,1.93
6/16/2009,1.94
6/17/2009,1.95
6/18/2009,1.95
6/19/2009,1.94
6/20/2009,
6/21/2009,
6/22/2009,1.93
6/23/2009,1.82
6/24/2009,1.87
6/25/2009,1.93
6/26/2009,1.92
6/27/2009,
6/28/2009,
6/29/2009,1.92
6/30/2009,1.96
7/1/2009,1.9
7/2/2009,1.92
7/3/2009,1.92
7/4/2009,
7/5/2009,
7/6/2009,1.93
7/7/2009,1.92
7/8/2009,1.92
7/9/2009,1.93
7/10/2009,1.94
7/11/2009,
7/12/2009,
7/13/2009,1.94
7/14/2009,1.95
7/15/2009,1.95
7/16/2009,1.95
7/17/2009,1.94
7/18/2009,
7/19/2009,
7/20/2009,1.94
7/21/2009,1.93
7/22/2009,1.93
7/23/2009,1.93
7/24/2009,1.93
7/25/2009,
7/26/2009,
7/27/2009,1.93
7/28/2009,1.93
7/29/2009,1.93
7/30/2009,1.93
7/31/2009,1.95
8/1/2009,
8/2/2009,
8/3/2009,1.94
8/4/2009,1.97
8/5/2009,1.97
8/6/2009,1.98
8/7/2009,1.99
8/8/2009,
8/9/2009,
8/10/2009,1.99
8/11/2009,1.99
8/12/2009,1.98
8/13/2009,1.98
8/14/2009,1.97
8/15/2009,
8/16/2009,
8/17/2009,1.98
8/18/2009,1.97
8/19/2009,1.97
8/20/2009,1.99
8/21/2009,1.98
8/22/2009,
8/23/2009,
8/24/2009,1.98
8/25/2009,1.98
8/26/2009,1.98
8/27/2009,1.97
8/28/2009,1.97
8/29/2009,
8/30/2009,
8/31/2009,1.99
9/1/2009,1.98
9/2/2009,1.98
9/3/2009,1.97
9/4/2009,1.97
9/5/2009,
9/6/2009,
9/7/2009,1.97
9/8/2009,1.91
9/9/2009,1.98
9/10/2009,1.99
9/11/2009,1.99
9/12/2009,
9/13/2009,
9/14/2009,2
9/15/2009,1.99
9/16/2009,1.99
9/17/2009,2
9/18/2009,2
9/19/2009,
9/20/2009,
9/21/2009,1.97
9/22/2009,1.8
9/23/2009,1.79
9/24/2009,2
9/25/2009,2
9/26/2009,
9/27/2009,
9/28/2009,2
9/29/2009,2.01
9/30/2009,2
10/1/2009,2
10/2/2009,
10/3/2009,
10/4/2009,
10/5/2009,1.99
10/6/2009,2
10/7/2009,1.99
10/8/2009,1.99
10/9/2009,1.99
10/10/2009,
10/11/2009,
10/12/2009,1.99
10/13/2009,1.99
10/14/2009,1.99
10/15/2009,1.99
10/16/2009,1.98
10/17/2009,
10/18/2009,
10/19/2009,1.98
10/20/2009,1.99
10/21/2009,2.02
10/22/2009,2
10/23/2009,2
10/24/2009,
10/25/2009,
10/26/2009,2
10/27/2009,2
10/28/2009,2
10/29/2009,2.01
10/30/2009,2.01
10/31/2009,
11/1/2009,
11/2/2009,2
11/3/2009,1.99
11/4/2009,1.99
11/5/2009,2
11/6/2009,2
11/7/2009,
11/8/2009,
11/9/2009,2
11/10/2009,2.07
11/11/2009,1.98
11/12/2009,2.01
11/13/2009,2
11/14/2009,
11/15/2009,
11/16/2009,2.01
11/17/2009,1.99
11/18/2009,1.96
11/19/2009,1.95
11/20/2009,2.01
11/21/2009,
11/22/2009,
11/23/2009,2.03
11/24/2009,2
11/25/2009,1.99
11/26/2009,2.01
11/27/2009,2
11/28/2009,
11/29/2009,
11/30/2009,2.01
12/1/2009,2
12/2/2009,2
12/3/2009,2
12/4/2009,2
12/5/2009,
12/6/2009,
12/7/2009,1.99
12/8/2009,1.97
12/9/2009,1.99
12/10/2009,2.01
12/11/2009,2
12/12/2009,
12/13/2009,
12/14/2009,2
12/15/2009,2
12/16/2009,2
12/17/2009,2
12/18/2009,2
12/19/2009,
12/20/2009,
12/21/2009,2
12/22/2009,1.99
12/23/2009,1.98
12/24/2009,2
12/25/2009,
12/26/2009,
12/27/2009,
12/28/2009,2
12/29/2009,2
12/30/2009,2
12/31/2009,2.01
1/1/2010,
1/2/2010,
1/3/2010,
1/4/2010,1.98
1/5/2010,1.98
1/6/2010,1.96
1/7/2010,1.99
1/8/2010,2
1/9/2010,
1/10/2010,
1/11/2010,2
1/12/2010,2
1/13/2010,2
1/14/2010,2
1/15/2010,2
1/16/2010,
1/17/2010,
1/18/2010,1.99
1/19/2010,1.99
1/20/2010,1.97
1/21/2010,2.01
1/22/2010,2
1/23/2010,
1/24/2010,
1/25/2010,2.01
1/26/2010,2.01
1/27/2010,2
1/28/2010,2
1/29/2010,2
1/30/2010,
1/31/2010,
2/1/2010,2.01
2/2/2010,2
2/3/2010,2
2/4/2010,2
2/5/2010,2
2/6/2010,
2/7/2010,
2/8/2010,2
2/9/2010,1.99
2/10/2010,1.97
2/11/2010,2.02
2/12/2010,2.01
2/13/2010,
2/14/2010,
2/15/2010,
2/16/2010,2.01
2/17/2010,2.01
2/18/2010,2.01
2/19/2010,2.01
2/20/2010,
2/21/2010,
2/22/2010,1.98
2/23/2010,1.92
2/24/2010,1.9
2/25/2010,2.02
2/26/2010,2.01
2/27/2010,
2/28/2010,
3/1/2010,
3/2/2010,2.01
3/3/2010,2.01
3/4/2010,2.02
3/5/2010,2.01
3/6/2010,
3/7/2010,
3/8/2010,2.01
3/9/2010,2.02
3/10/2010,1.99
3/11/2010,2.02
3/12/2010,2.01
3/13/2010,
3/14/2010,
3/15/2010,2.01
3/16/2010,2
3/17/2010,2
3/18/2010,2.01
3/19/2010,2.01
3/20/2010,
3/21/2010,
3/22/2010,2
3/23/2010,2
3/24/2010,1.98
3/25/2010,2.01
3/26/2010,2
3/27/2010,
3/28/2010,
3/29/2010,1.99
3/30/2010,1.99
3/31/2010,2
4/1/2010,1.99
4/2/2010,1.99
4/3/2010,
4/4/2010,
4/5/2010,2
4/6/2010,2.02
4/7/2010,2.02
4/8/2010,2
4/9/2010,2
4/10/2010,
4/11/2010,
4/12/2010,2.01
4/13/2010,2.01
4/14/2010,2
4/15/2010,2
4/16/2010,1.99
4/17/2010,
4/18/2010,
4/19/2010,2
4/20/2010,2
4/21/2010,2.01
4/22/2010,2
4/23/2010,2
4/24/2010,
4/25/2010,
4/26/2010,2.01
4/27/2010,2.01
4/28/2010,2
4/29/2010,2
4/30/2010,2
5/1/2010,
5/2/2010,
5/3/2010,2.05
5/4/2010,2.05
5/5/2010,
5/6/2010,2.01
5/7/2010,2.01
5/8/2010,
5/9/2010,
5/10/2010,2.01
5/11/2010,2.01
5/12/2010,2.01
5/13/2010,2.01
5/14/2010,2.01
5/15/2010,
5/16/2010,
5/17/2010,2.01
5/18/2010,2.01
5/19/2010,2.01
5/20/2010,2.02
5/21/2010,
5/22/2010,
5/23/2010,
5/24/2010,2.02
5/25/2010,2.01
5/26/2010,1.99
5/27/2010,1.98
5/28/2010,1.98
5/29/2010,
5/30/2010,
5/31/2010,2
6/1/2010,1.99
6/2/2010,
6/3/2010,1.99
6/4/2010,1.98
6/5/2010,
6/6/2010,
6/7/2010,1.99
6/8/2010,1.95
6/9/2010,1.97
6/10/2010,2.02
6/11/2010,2.02
6/12/2010,
6/13/2010,
6/14/2010,2.02
6/15/2010,2.02
6/16/2010,2.01
6/17/2010,2.01
6/18/2010,2
6/19/2010,
6/20/2010,
6/21/2010,2.01
6/22/2010,2.01
6/23/2010,1.97
6/24/2010,2.02
6/25/2010,2.01
6/26/2010,
6/27/2010,
6/28/2010,1.99
6/29/2010,1.95
6/30/2010,2.03
7/1/2010,1.99
7/2/2010,1.99
7/3/2010,
7/4/2010,
7/5/2010,2
7/6/2010,2.05
7/7/2010,2.04
7/8/2010,2.02
7/9/2010,2.26
7/10/2010,
7/11/2010,
7/12/2010,2.27
7/13/2010,2.26
7/14/2010,2.26
7/15/2010,2.27
7/16/2010,2.25
7/17/2010,
7/18/2010,
7/19/2010,2.26
7/20/2010,2.27
7/21/2010,2.27
7/22/2010,2.27
7/23/2010,2.27
7/24/2010,
7/25/2010,
7/26/2010,2.27
7/27/2010,2.27
7/28/2010,2.27
7/29/2010,2.28
7/30/2010,2.28
7/31/2010,
8/1/2010,
8/2/2010,2.27
8/3/2010,2.27
8/4/2010,2.27
8/5/2010,2.28
8/6/2010,2.27
8/7/2010,
8/8/2010,
8/9/2010,2.27
8/10/2010,2.28
8/11/2010,2.29
8/12/2010,2.27
8/13/2010,2.27
8/14/2010,
8/15/2010,
8/16/2010,2.27
8/17/2010,2.27
8/18/2010,2.27
8/19/2010,2.28
8/20/2010,2.28
8/21/2010,
8/22/2010,
8/23/2010,2.26
8/24/2010,2.3
8/25/2010,2.29
8/26/2010,2.28
8/27/2010,2.28
8/28/2010,
8/29/2010,
8/30/2010,2.27
8/31/2010,2.28
9/1/2010,2.27
9/2/2010,2.27
9/3/2010,2.27
9/4/2010,
9/5/2010,
9/6/2010,2.26
9/7/2010,2.26
9/8/2010,2.27
9/9/2010,2.27
9/10/2010,2.27
9/11/2010,
9/12/2010,
9/13/2010,2.27
9/14/2010,2.27
9/15/2010,2.28
9/16/2010,2.28
9/17/2010,2.28
9/18/2010,
9/19/2010,
9/20/2010,2.28
9/21/2010,
9/22/2010,
9/23/2010,
9/24/2010,2.28
9/25/2010,
9/26/2010,
9/27/2010,2.27
9/28/2010,2.27
9/29/2010,2.26
9/30/2010,2.27
10/1/2010,2.27
10/2/2010,
10/3/2010,
10/4/2010,2.24
10/5/2010,2.18
10/6/2010,2.2
10/7/2010,2.28
10/8/2010,2.27
10/9/2010,
10/10/2010,
10/11/2010,2.27
10/12/2010,2.27
10/13/2010,2.27
10/14/2010,2.28
10/15/2010,2.27
10/16/2010,
10/17/2010,
10/18/2010,2.26
10/19/2010,2.28
10/20/2010,2.29
10/21/2010,2.28
10/22/2010,2.28
10/23/2010,
10/24/2010,
10/25/2010,2.25
10/26/2010,2.24
10/27/2010,2.24
10/28/2010,2.24
10/29/2010,2.26
10/30/2010,
10/31/2010,
11/1/2010,2.24
11/2/2010,2.23
11/3/2010,2.24
11/4/2010,2.24
11/5/2010,2.24
11/6/2010,
11/7/2010,
11/8/2010,2.24
11/9/2010,2.27
11/10/2010,2.26
11/11/2010,2.24
11/12/2010,2.24
11/13/2010,
11/14/2010,
11/15/2010,2.24
11/16/2010,2.49
11/17/2010,2.5
11/18/2010,2.5
11/19/2010,2.5
11/20/2010,
11/21/2010,
11/22/2010,2.51
11/23/2010,2.52
11/24/2010,2.54
11/25/2010,2.5
11/26/2010,2.5
11/27/2010,
11/28/2010,
11/29/2010,2.5
11/30/2010,2.51
12/1/2010,2.5
12/2/2010,2.5
12/3/2010,2.5
12/4/2010,
12/5/2010,
12/6/2010,2.5
12/7/2010,2.52
12/8/2010,2.52
12/9/2010,2.51
12/10/2010,2.5
12/11/2010,
12/12/2010,
12/13/2010,2.5
12/14/2010,2.49
12/15/2010,2.49
12/16/2010,2.5
12/17/2010,2.49
12/18/2010,
12/19/2010,
12/20/2010,2.5
12/21/2010,2.52
12/22/2010,2.53
12/23/2010,2.5
12/24/2010,2.5
12/25/2010,
12/26/2010,
12/27/2010,2.5
12/28/2010,2.49
12/29/2010,2.49
12/30/2010,2.49
12/31/2010,2.51
1/1/2011,
1/2/2011,
1/3/2011,2.49
1/4/2011,2.5
1/5/2011,2.49
1/6/2011,2.49
1/7/2011,2.49
1/8/2011,
1/9/2011,
1/10/2011,2.49
1/11/2011,2.5
1/12/2011,2.5
1/13/2011,2.74
1/14/2011,2.74
1/15/2011,
1/16/2011,
1/17/2011,2.74
1/18/2011,2.76
1/19/2011,2.77
1/20/2011,2.75
1/21/2011,2.75
1/22/2011,
1/23/2011,
1/24/2011,2.75
1/25/2011,2.75
1/26/2011,2.74
1/27/2011,2.74
1/28/2011,2.74
1/29/2011,
1/30/2011,
1/31/2011,2.75
2/1/2011,2.75
2/2/2011,
2/3/2011,
2/4/2011,
2/5/2011,
2/6/2011,
2/7/2011,2.75
2/8/2011,2.78
2/9/2011,2.77
2/10/2011,2.75
2/11/2011,2.75
2/12/2011,
2/13/2011,
2/14/2011,2.75
2/15/2011,2.74
2/16/2011,2.75
2/17/2011,2.75
2/18/2011,2.75
2/19/2011,
2/20/2011,
2/21/2011,2.75
2/22/2011,2.75
2/23/2011,2.75
2/24/2011,2.76
2/25/2011,2.76
2/26/2011,
2/27/2011,
2/28/2011,2.76
3/1/2011,
3/2/2011,2.75
3/3/2011,2.75
3/4/2011,2.75
3/5/2011,
3/6/2011,
3/7/2011,2.76
3/8/2011,2.75
3/9/2011,2.75
3/10/2011,2.99
3/11/2011,2.97
3/12/2011,
3/13/2011,
3/14/2011,2.96
3/15/2011,2.99
3/16/2011,3
3/17/2011,2.99
3/18/2011,2.99
3/19/2011,
3/20/2011,
3/21/2011,2.99
3/22/2011,3.01
3/23/2011,3.02
3/24/2011,3
3/25/2011,2.99
3/26/2011,
3/27/2011,
3/28/2011,2.99
3/29/2011,2.98
3/30/2011,2.98
3/31/2011,2.99
4/1/2011,2.98
4/2/2011,
4/3/2011,
4/4/2011,2.99
4/5/2011,3.03
4/6/2011,3.04
4/7/2011,3.01
4/8/2011,3.01
4/9/2011,
4/10/2011,
4/11/2011,3.01
4/12/2011,3
4/13/2011,3.01
4/14/2011,3.01
4/15/2011,3.01
4/16/2011,
4/17/2011,
4/18/2011,3
4/19/2011,3.03
4/20/2011,3.04
4/21/2011,3.02
4/22/2011,3.02
4/23/2011,
4/24/2011,
4/25/2011,3.02
4/26/2011,3.02
4/27/2011,3.01
4/28/2011,3.01
4/29/2011,3.02
4/30/2011,
5/1/2011,
5/2/2011,3.01
5/3/2011,3.01
5/4/2011,3.01
5/5/2011,
5/6/2011,3.01
5/7/2011,
5/8/2011,
5/9/2011,3.05
5/10/2011,
5/11/2011,3.03
5/12/2011,3.02
5/13/2011,3.02
5/14/2011,
5/15/2011,
5/16/2011,3.03
5/17/2011,3.03
5/18/2011,3.03
5/19/2011,3.02
5/20/2011,3.02
5/21/2011,
5/22/2011,
5/23/2011,3.02
5/24/2011,3.06
5/25/2011,3.05
5/26/2011,3.02
5/27/2011,3.03
5/28/2011,
5/29/2011,
5/30/2011,3.03
5/31/2011,3.03
6/1/2011,3.02
6/2/2011,3.02
6/3/2011,3
6/4/2011,
6/5/2011,
6/6/2011,
6/7/2011,3.04
6/8/2011,3.01
6/9/2011,3.02
6/10/2011,3.26
6/11/2011,
6/12/2011,
6/13/2011,3.26
6/14/2011,3.27
6/15/2011,3.26
6/16/2011,3.26
6/17/2011,3.26
6/18/2011,
6/19/2011,
6/20/2011,3.26
6/21/2011,3.29
6/22/2011,3.29
6/23/2011,3.26
6/24/2011,3.26
6/25/2011,
6/26/2011,
6/27/2011,3.26
6/28/2011,3.26
6/29/2011,3.26
6/30/2011,3.28
7/1/2011,3.26
7/2/2011,
7/3/2011,
7/4/2011,3.26
7/5/2011,3.3
7/6/2011,3.27
7/7/2011,3.26
7/8/2011,3.26
7/9/2011,
7/10/2011,
7/11/2011,3.26
7/12/2011,3.26
7/13/2011,3.26
7/14/2011,3.27
7/15/2011,3.26
7/16/2011,
7/17/2011,
7/18/2011,3.26
7/19/2011,3.26
7/20/2011,3.27
7/21/2011,3.26
7/22/2011,3.26
7/23/2011,
7/24/2011,
7/25/2011,3.26
7/26/2011,3.26
7/27/2011,3.26
7/28/2011,3.26
7/29/2011,3.27
7/30/2011,
7/31/2011,
8/1/2011,3.26
8/2/2011,3.26
8/3/2011,3.25
8/4/2011,3.25
8/5/2011,3.26
8/6/2011,
8/7/2011,
8/8/2011,3.25
8/9/2011,3.31
8/10/2011,3.29
8/11/2011,3.25
8/12/2011,3.24
8/13/2011,
8/14/2011,
8/15/2011,
8/16/2011,3.22
8/17/2011,3.2
8/18/2011,3.22
8/19/2011,3.23
8/20/2011,
8/21/2011,
8/22/2011,3.2
8/23/2011,3.25
8/24/2011,3.26
8/25/2011,3.26
8/26/2011,3.26
8/27/2011,
8/28/2011,
8/29/2011,3.26
8/30/2011,3.26
8/31/2011,3.27
9/1/2011,3.26
9/2/2011,3.26
9/3/2011,
9/4/2011,
9/5/2011,3.26
9/6/2011,3.25
9/7/2011,3.23
9/8/2011,3.27
9/9/2011,3.25
9/10/2011,
9/11/2011,
9/12/2011,
9/13/2011,
9/14/2011,3.26
9/15/2011,3.26
9/16/2011,3.25
9/17/2011,
9/18/2011,
9/19/2011,3.24
9/20/2011,3.27
9/21/2011,3.28
9/22/2011,3.25
9/23/2011,3.23
9/24/2011,
9/25/2011,
9/26/2011,3.24
9/27/2011,3.24
9/28/2011,3.26
9/29/2011,3.26
9/30/2011,3.28
10/1/2011,
10/2/2011,
10/3/2011,
10/4/2011,3.25
10/5/2011,3.23
10/6/2011,3.25
10/7/2011,3.25
10/8/2011,
10/9/2011,
10/10/2011,3.25
10/11/2011,3.24
10/12/2011,3.24
10/13/2011,3.24
10/14/2011,3.24
10/15/2011,
10/16/2011,
10/17/2011,3.22
10/18/2011,3.27
10/19/2011,3.26
10/20/2011,3.25
10/21/2011,3.23
10/22/2011,
10/23/2011,
10/24/2011,3.24
10/25/2011,3.24
10/26/2011,3.23
10/27/2011,3.23
10/28/2011,3.23
10/29/2011,
10/30/2011,
10/31/2011,3.26
11/1/2011,3.25
11/2/2011,3.25
11/3/2011,3.25
11/4/2011,3.25
11/5/2011,
11/6/2011,
11/7/2011,3.26
11/8/2011,3.27
11/9/2011,3.28
11/10/2011,3.26
11/11/2011,3.25
11/12/2011,
11/13/2011,
11/14/2011,3.25
11/15/2011,3.26
11/16/2011,3.26
11/17/2011,3.26
11/18/2011,3.26
11/19/2011,
11/20/2011,
11/21/2011,3.26
11/22/2011,3.27
11/23/2011,3.26
11/24/2011,3.26
11/25/2011,3.26
11/26/2011,
11/27/2011,
11/28/2011,3.26
11/29/2011,3.25
11/30/2011,3.27
12/1/2011,3.26
12/2/2011,3.25
12/3/2011,
12/4/2011,
12/5/2011,3.25
12/6/2011,3.27
12/7/2011,3.26
12/8/2011,3.26
12/9/2011,3.25
12/10/2011,
12/11/2011,
12/12/2011,3.26
12/13/2011,3.26
12/14/2011,3.25
12/15/2011,3.26
12/16/2011,3.25
12/17/2011,
12/18/2011,
12/19/2011,3.26
12/20/2011,3.28
12/21/2011,3.3
12/22/2011,3.26
12/23/2011,3.26
12/24/2011,
12/25/2011,
12/26/2011,3.26
12/27/2011,3.26
12/28/2011,3.28
12/29/2011,3.27
12/30/2011,3.29
12/31/2011,
1/1/2012,
1/2/2012,3.25
1/3/2012,3.25
1/4/2012,3.24
1/5/2012,3.25
1/6/2012,3.25
1/7/2012,
1/8/2012,
1/9/2012,3.25
1/10/2012,3.28
1/11/2012,3.28
1/12/2012,3.25
1/13/2012,3.25
1/14/2012,
1/15/2012,
1/16/2012,3.26
1/17/2012,3.26
1/18/2012,3.26
1/19/2012,3.27
1/20/2012,3.27
1/21/2012,
1/22/2012,
1/23/2012,
1/24/2012,
1/25/2012,3.23
1/26/2012,3.26
1/27/2012,3.26
1/28/2012,
1/29/2012,
1/30/2012,3.27
1/31/2012,3.27
2/1/2012,3.26
2/2/2012,3.25
2/3/2012,3.25
2/4/2012,
2/5/2012,
2/6/2012,3.24
2/7/2012,3.28
2/8/2012,3.27
2/9/2012,3.25
2/10/2012,3.25
2/11/2012,
2/12/2012,
2/13/2012,3.25
2/14/2012,3.25
2/15/2012,3.25
2/16/2012,3.25
2/17/2012,3.25
2/18/2012,
2/19/2012,
2/20/2012,3.26
2/21/2012,3.25
2/22/2012,3.25
2/23/2012,3.25
2/24/2012,3.25
2/25/2012,
2/26/2012,
2/27/2012,3.25
2/28/2012,3.25
2/29/2012,3.26
3/1/2012,
3/2/2012,3.25
3/3/2012,
3/4/2012,
3/5/2012,3.24
3/6/2012,3.25
3/7/2012,3.22
3/8/2012,3.26
3/9/2012,3.25
3/10/2012,
3/11/2012,
3/12/2012,3.25
3/13/2012,3.25
3/14/2012,3.25
3/15/2012,3.25
3/16/2012,3.25
3/17/2012,
3/18/2012,
3/19/2012,3.25
3/20/2012,3.25
3/21/2012,3.25
3/22/2012,3.25
3/23/2012,3.25
3/24/2012,
3/25/2012,
3/26/2012,3.25
3/27/2012,3.25
3/28/2012,3.24
3/29/2012,3.23
3/30/2012,3.24
3/31/2012,
4/1/2012,
4/2/2012,3.24
4/3/2012,3.24
4/4/2012,3.22
4/5/2012,3.24
4/6/2012,3.27
4/7/2012,
4/8/2012,
4/9/2012,3.25
4/10/2012,3.23
4/11/2012,
4/12/2012,3.24
4/13/2012,3.24
4/14/2012,
4/15/2012,
4/16/2012,3.24
4/17/2012,3.24
4/18/2012,3.24
4/19/2012,3.24
4/20/2012,3.25
4/21/2012,
4/22/2012,
4/23/2012,3.25
4/24/2012,3.26
4/25/2012,3.26
4/26/2012,3.26
4/27/2012,3.26
4/28/2012,
4/29/2012,
4/30/2012,3.26
5/1/2012,
5/2/2012,3.25
5/3/2012,3.25
5/4/2012,3.24
5/5/2012,
5/6/2012,
5/7/2012,3.24
5/8/2012,3.29
5/9/2012,3.28
5/10/2012,3.26
5/11/2012,3.25
5/12/2012,
5/13/2012,
5/14/2012,3.26
5/15/2012,3.26
5/16/2012,3.26
5/17/2012,3.26
5/18/2012,3.26
5/19/2012,
5/20/2012,
5/21/2012,3.26
5/22/2012,3.26
5/23/2012,3.26
5/24/2012,3.26
5/25/2012,3.26
5/26/2012,
5/27/2012,
5/28/2012,
5/29/2012,3.26
5/30/2012,3.26
5/31/2012,3.27
6/1/2012,3.25
6/2/2012,
6/3/2012,
6/4/2012,3.27
6/5/2012,3.27
6/6/2012,
6/7/2012,3.26
6/8/2012,3.26
6/9/2012,
6/10/2012,
6/11/2012,3.26
6/12/2012,3.26
6/13/2012,3.26
6/14/2012,3.26
6/15/2012,3.26
6/16/2012,
6/17/2012,
6/18/2012,3.26
6/19/2012,3.25
6/20/2012,3.26
6/21/2012,3.26
6/22/2012,3.26
6/23/2012,
6/24/2012,
6/25/2012,3.25
6/26/2012,3.25
6/27/2012,3.24
6/28/2012,3.25
6/29/2012,3.26
6/30/2012,
7/1/2012,
7/2/2012,3.25
7/3/2012,3.25
7/4/2012,3.25
7/5/2012,3.25
7/6/2012,3.25
7/7/2012,
7/8/2012,
7/9/2012,3.25
7/10/2012,3.29
7/11/2012,3.25
7/12/2012,3
7/13/2012,3
7/14/2012,
7/15/2012,
7/16/2012,3.01
7/17/2012,3.01
7/18/2012,3
7/19/2012,3.01
7/20/2012,3
7/21/2012,
7/22/2012,
7/23/2012,3
7/24/2012,3
7/25/2012,3.01
7/26/2012,3
7/27/2012,3
7/28/2012,
7/29/2012,
7/30/2012,3
7/31/2012,3.02
8/1/2012,3
8/2/2012,2.99
8/3/2012,3
8/4/2012,
8/5/2012,
8/6/2012,2.99
8/7/2012,2.99
8/8/2012,2.99
8/9/2012,3
8/10/2012,2.99
8/11/2012,
8/12/2012,
8/13/2012,2.99
8/14/2012,3
8/15/2012,
8/16/2012,3
8/17/2012,2.99
8/18/2012,
8/19/2012,
8/20/2012,2.99
8/21/2012,3
8/22/2012,3
8/23/2012,3
8/24/2012,3
8/25/2012,
8/26/2012,
8/27/2012,2.99
8/28/2012,3
8/29/2012,3
8/30/2012,3
8/31/2012,3.01
9/1/2012,
9/2/2012,
9/3/2012,3
9/4/2012,3.01
9/5/2012,3
9/6/2012,3
9/7/2012,3.01
9/8/2012,
9/9/2012,
9/10/2012,2.99
9/11/2012,2.99
9/12/2012,2.99
9/13/2012,2.99
9/14/2012,2.99
9/15/2012,
9/16/2012,
9/17/2012,2.99
9/18/2012,2.99
9/19/2012,2.99
9/20/2012,3
9/21/2012,3
9/22/2012,
9/23/2012,
9/24/2012,3
9/25/2012,2.99
9/26/2012,2.99
9/27/2012,2.99
9/28/2012,3.01
9/29/2012,
9/30/2012,
10/1/2012,
10/2/2012,2.99
10/3/2012,
10/4/2012,3.01
10/5/2012,3
10/6/2012,
10/7/2012,
10/8/2012,2.99
10/9/2012,3
10/10/2012,3.03
10/11/2012,2.75
10/12/2012,2.75
10/13/2012,
10/14/2012,
10/15/2012,2.75
10/16/2012,2.75
10/17/2012,2.75
10/18/2012,2.75
10/19/2012,2.75
10/20/2012,
10/21/2012,
10/22/2012,2.74
10/23/2012,2.74
10/24/2012,2.74
10/25/2012,2.75
10/26/2012,2.74
10/27/2012,
10/28/2012,
10/29/2012,2.74
10/30/2012,2.74
10/31/2012,2.75
11/1/2012,2.75
11/2/2012,2.75
11/3/2012,
11/4/2012,
11/5/2012,2.75
11/6/2012,2.76
11/7/2012,2.76
11/8/2012,2.75
11/9/2012,2.75
11/10/2012,
11/11/2012,
11/12/2012,2.76
11/13/2012,2.76
11/14/2012,2.76
11/15/2012,2.76
11/16/2012,2.75
11/17/2012,
11/18/2012,
11/19/2012,2.75
11/20/2012,2.76
11/21/2012,2.76
11/22/2012,2.76
11/23/2012,2.75
11/24/2012,
11/25/2012,
11/26/2012,2.75
11/27/2012,2.75
11/28/2012,2.75
11/29/2012,2.76
11/30/2012,2.77
12/1/2012,
12/2/2012,
12/3/2012,2.75
12/4/2012,2.78
12/5/2012,2.74
12/6/2012,2.75
12/7/2012,2.76
12/8/2012,
12/9/2012,
12/10/2012,2.75
12/11/2012,2.75
12/12/2012,2.75
12/13/2012,2.75
12/14/2012,2.75
12/15/2012,
12/16/2012,
12/17/2012,2.75
12/18/2012,2.75
12/19/2012,
12/20/2012,2.75
12/21/2012,2.75
12/22/2012,
12/23/2012,
12/24/2012,2.76
12/25/2012,
12/26/2012,2.75
12/27/2012,2.75
12/28/2012,2.75
12/29/2012,
12/30/2012,
12/31/2012,2.77
1/1/2013,
1/2/2013,2.77
1/3/2013,2.77
1/4/2013,2.76
1/5/2013,
1/6/2013,
1/7/2013,2.76
1/8/2013,2.76
1/9/2013,2.77
1/10/2013,2.76
1/11/2013,2.76
1/12/2013,
1/13/2013,
1/14/2013,2.75
1/15/2013,2.76
1/16/2013,2.75
1/17/2013,2.75
1/18/2013,2.75
1/19/2013,
1/20/2013,
1/21/2013,2.76
1/22/2013,2.75
1/23/2013,2.75
1/24/2013,2.75
1/25/2013,2.75
1/26/2013,
1/27/2013,
1/28/2013,2.75
1/29/2013,2.75
1/30/2013,2.75
1/31/2013,2.76
2/1/2013,2.75
2/2/2013,
2/3/2013,
2/4/2013,2.75
2/5/2013,2.73
2/6/2013,2.72
2/7/2013,2.74
2/8/2013,2.74
2/9/2013,
2/10/2013,
2/11/2013,
2/12/2013,2.75
2/13/2013,2.75
2/14/2013,2.75
2/15/2013,2.75
2/16/2013,
2/17/2013,
2/18/2013,2.74
2/19/2013,2.75
2/20/2013,2.75
2/21/2013,2.76
2/22/2013,2.75
2/23/2013,
2/24/2013,
2/25/2013,2.76
2/26/2013,2.75
2/27/2013,2.75
2/28/2013,2.76
3/1/2013,
3/2/2013,
3/3/2013,
3/4/2013,2.76
3/5/2013,2.74
3/6/2013,2.74
3/7/2013,2.76
3/8/2013,2.75
3/9/2013,
3/10/2013,
3/11/2013,2.75
3/12/2013,2.75
3/13/2013,2.74
3/14/2013,2.74
3/15/2013,2.74
3/16/2013,
3/17/2013,
3/18/2013,2.74
3/19/2013,2.74
3/20/2013,2.74
3/21/2013,2.74
3/22/2013,2.74
3/23/2013,
3/24/2013,
3/25/2013,2.74
3/26/2013,2.74
3/27/2013,2.74
3/28/2013,2.74
3/29/2013,2.75
3/30/2013,
3/31/2013,
4/1/2013,2.74
4/2/2013,2.74
4/3/2013,2.74
4/4/2013,2.74
4/5/2013,2.74
4/6/2013,
4/7/2013,
4/8/2013,2.74
4/9/2013,2.75
4/10/2013,2.75
4/11/2013,2.74
4/12/2013,2.73
4/13/2013,
4/14/2013,
4/15/2013,2.74
4/16/2013,2.74
4/17/2013,2.74
4/18/2013,2.74
4/19/2013,2.75
4/20/2013,
4/21/2013,
4/22/2013,2.75
4/23/2013,2.75
4/24/2013,2.75
4/25/2013,2.76
4/26/2013,2.76
4/27/2013,
4/28/2013,
4/29/2013,2.76
4/30/2013,2.78
5/1/2013,
5/2/2013,2.76
5/3/2013,2.76
5/4/2013,
5/5/2013,
5/6/2013,2.76
5/7/2013,2.76
5/8/2013,2.77
5/9/2013,2.51
5/10/2013,2.51
5/11/2013,
5/12/2013,
5/13/2013,2.51
5/14/2013,2.51
5/15/2013,2.51
5/16/2013,2.51
5/17/2013,
5/18/2013,
5/19/2013,
5/20/2013,2.5
5/21/2013,2.5
5/22/2013,2.5
5/23/2013,2.5
5/24/2013,2.5
5/25/2013,
5/26/2013,
5/27/2013,2.5
5/28/2013,2.5
5/29/2013,2.49
5/30/2013,2.49
5/31/2013,2.5
6/1/2013,
6/2/2013,
6/3/2013,2.49
6/4/2013,2.52
6/5/2013,2.48
6/6/2013,
6/7/2013,2.5
6/8/2013,
6/9/2013,
6/10/2013,2.49
6/11/2013,2.49
6/12/2013,2.49
6/13/2013,2.49
6/14/2013,2.49
6/15/2013,
6/16/2013,
6/17/2013,2.49
6/18/2013,2.49
6/19/2013,2.49
6/20/2013,2.49
6/21/2013,2.49
6/22/2013,
6/23/2013,
6/24/2013,2.49
6/25/2013,2.49
6/26/2013,2.49
6/27/2013,2.5
6/28/2013,2.5
6/29/2013,
6/30/2013,
7/1/2013,2.49
7/2/2013,2.49
7/3/2013,2.48
7/4/2013,2.45
7/5/2013,2.42
7/6/2013,
7/7/2013,
7/8/2013,2.35
7/9/2013,2.34
7/10/2013,2.36
7/11/2013,2.48
7/12/2013,2.48
7/13/2013,
7/14/2013,
7/15/2013,2.48
7/16/2013,2.48
7/17/2013,2.48
7/18/2013,2.48
7/19/2013,2.49
7/20/2013,
7/21/2013,
7/22/2013,2.49
7/23/2013,2.48
7/24/2013,2.49
7/25/2013,2.5
7/26/2013,2.5
7/27/2013,
7/28/2013,
7/29/2013,2.51
7/30/2013,2.51
7/31/2013,2.53
8/1/2013,2.52
8/2/2013,2.49
8/3/2013,
8/4/2013,
8/5/2013,2.49
8/6/2013,2.5
8/7/2013,2.48
8/8/2013,2.49
8/9/2013,2.49
8/10/2013,
8/11/2013,
8/12/2013,2.5
8/13/2013,2.5
8/14/2013,2.5
8/15/2013,
8/16/2013,2.5
8/17/2013,
8/18/2013,
8/19/2013,2.5
8/20/2013,2.5
8/21/2013,2.5
8/22/2013,2.5
8/23/2013,2.5
8/24/2013,
8/25/2013,
8/26/2013,2.5
8/27/2013,2.5
8/28/2013,2.5
8/29/2013,2.5
8/30/2013,2.51
8/31/2013,
9/1/2013,
9/2/2013,2.51
9/3/2013,2.51
9/4/2013,2.5
9/5/2013,2.5
9/6/2013,2.5
9/7/2013,
9/8/2013,
9/9/2013,2.5
9/10/2013,2.51
9/11/2013,2.49
9/12/2013,2.5
9/13/2013,2.5
9/14/2013,
9/15/2013,
9/16/2013,2.5
9/17/2013,2.5
9/18/2013,
9/19/2013,
9/20/2013,
9/21/2013,
9/22/2013,
9/23/2013,2.5
9/24/2013,2.5
9/25/2013,2.5
9/26/2013,2.5
9/27/2013,2.5
9/28/2013,
9/29/2013,
9/30/2013,2.5
10/1/2013,2.5
10/2/2013,2.49
10/3/2013,
10/4/2013,2.48
10/5/2013,
10/6/2013,
10/7/2013,2.5
10/8/2013,2.49
10/9/2013,
10/10/2013,2.49
10/11/2013,2.49
10/12/2013,
10/13/2013,
10/14/2013,2.49
10/15/2013,2.49
10/16/2013,2.49
10/17/2013,2.49
10/18/2013,2.5
10/19/2013,
10/20/2013,
10/21/2013,2.49
10/22/2013,2.5
10/23/2013,2.5
10/24/2013,2.5
10/25/2013,2.52
10/26/2013,
10/27/2013,
10/28/2013,2.52
10/29/2013,2.52
10/30/2013,2.51
10/31/2013,2.52
11/1/2013,2.48
11/2/2013,
11/3/2013,
11/4/2013,2.48
11/5/2013,2.51
11/6/2013,2.49
11/7/2013,2.5
11/8/2013,2.5
11/9/2013,
11/10/2013,
11/11/2013,2.5
11/12/2013,2.5
11/13/2013,2.5
11/14/2013,2.5
11/15/2013,2.5
11/16/2013,
11/17/2013,
11/18/2013,2.5
11/19/2013,2.5
11/20/2013,2.5
11/21/2013,2.5
11/22/2013,2.5
11/23/2013,
11/24/2013,
11/25/2013,2.5
11/26/2013,2.49
11/27/2013,2.49
11/28/2013,2.49
11/29/2013,2.5
11/30/2013,
12/1/2013,
12/2/2013,2.49
12/3/2013,2.49
12/4/2013,2.48
12/5/2013,2.49
12/6/2013,2.49
12/7/2013,
12/8/2013,
12/9/2013,2.5
12/10/2013,2.5
12/11/2013,2.49
12/12/2013,2.49
12/13/2013,2.49
12/14/2013,
12/15/2013,
12/16/2013,2.49
12/17/2013,2.49
12/18/2013,2.49
12/19/2013,2.5
12/20/2013,2.51
12/21/2013,
12/22/2013,
12/23/2013,2.52
12/24/2013,2.52
12/25/2013,
12/26/2013,2.51
12/27/2013,2.5
12/28/2013,
12/29/2013,
12/30/2013,2.51
12/31/2013,2.52
1/1/2014,
1/2/2014,2.51
1/3/2014,2.5
1/4/2014,
1/5/2014,
1/6/2014,2.48
1/7/2014,2.5
1/8/2014,2.49
1/9/2014,2.49
1/10/2014,2.5
1/11/2014,
1/12/2014,
1/13/2014,2.49
1/14/2014,2.49
1/15/2014,2.49
1/16/2014,2.49
1/17/2014,2.49
1/18/2014,
1/19/2014,
1/20/2014,2.49
1/21/2014,2.49
1/22/2014,2.5
1/23/2014,2.5
1/24/2014,2.5
1/25/2014,
1/26/2014,
1/27/2014,2.52
1/28/2014,2.52
1/29/2014,2.51
1/30/2014,
1/31/2014,
2/1/2014,
2/2/2014,
2/3/2014,2.47
2/4/2014,2.48
2/5/2014,2.48
2/6/2014,2.49
2/7/2014,2.49
2/8/2014,
2/9/2014,
2/10/2014,2.49
2/11/2014,2.49
2/12/2014,2.49
2/13/2014,2.49
2/14/2014,2.49
2/15/2014,
2/16/2014,
2/17/2014,2.49
2/18/2014,2.49
2/19/2014,2.49
2/20/2014,2.49
2/21/2014,2.49
2/22/2014,
2/23/2014,
2/24/2014,2.49
2/25/2014,2.49
2/26/2014,2.47
2/27/2014,2.48
2/28/2014,2.49
3/1/2014,
3/2/2014,
3/3/2014,2.49
3/4/2014,2.5
3/5/2014,2.49
3/6/2014,2.49
3/7/2014,2.49
3/8/2014,
3/9/2014,
3/10/2014,2.48
3/11/2014,2.48
3/12/2014,2.48
3/13/2014,2.48
3/14/2014,2.47
3/15/2014,
3/16/2014,
3/17/2014,2.48
3/18/2014,2.47
3/19/2014,2.46
3/20/2014,2.46
3/21/2014,2.45
3/22/2014,
3/23/2014,
3/24/2014,2.46
3/25/2014,2.48
3/26/2014,2.48
3/27/2014,2.48
3/28/2014,2.48
3/29/2014,
3/30/2014,
3/31/2014,2.49
4/1/2014,2.48
4/2/2014,2.48
4/3/2014,2.48
4/4/2014,2.48
4/5/2014,
4/6/2014,
4/7/2014,2.49
4/8/2014,2.51
4/9/2014,2.5
4/10/2014,2.48
4/11/2014,2.48
4/12/2014,
4/13/2014,
4/14/2014,2.48
4/15/2014,2.48
4/16/2014,2.48
4/17/2014,2.48
4/18/2014,2.48
4/19/2014,
4/20/2014,
4/21/2014,2.49
4/22/2014,2.5
4/23/2014,2.49
4/24/2014,2.49
4/25/2014,2.5
4/26/2014,
4/27/2014,
4/28/2014,2.49
4/29/2014,2.49
4/30/2014,2.5
5/1/2014,
5/2/2014,2.5
5/3/2014,
5/4/2014,
5/5/2014,
5/6/2014,
5/7/2014,2.48
5/8/2014,2.49
5/9/2014,2.48
5/10/2014,
5/11/2014,
5/12/2014,2.49
5/13/2014,2.49
5/14/2014,2.5
5/15/2014,2.49
5/16/2014,2.49
5/17/2014,
5/18/2014,
5/19/2014,2.49
5/20/2014,2.49
5/21/2014,2.49
5/22/2014,2.49
5/23/2014,2.49
5/24/2014,
5/25/2014,
5/26/2014,2.49
5/27/2014,2.48
5/28/2014,2.48
5/29/2014,2.49
5/30/2014,2.49
5/31/2014,
6/1/2014,
6/2/2014,2.48
6/3/2014,2.48
6/4/2014,
6/5/2014,2.48
6/6/2014,
6/7/2014,
6/8/2014,
6/9/2014,2.48
6/10/2014,2.49
6/11/2014,2.49
6/12/2014,2.48
6/13/2014,2.48
6/14/2014,
6/15/2014,
6/16/2014,2.48
6/17/2014,2.47
6/18/2014,2.48
6/19/2014,2.48
6/20/2014,2.48
6/21/2014,
6/22/2014,
6/23/2014,2.48
6/24/2014,2.48
6/25/2014,2.49
6/26/2014,2.49
6/27/2014,2.48
6/28/2014,
6/29/2014,
6/30/2014,2.49
7/1/2014,2.48
7/2/2014,2.48
7/3/2014,2.48
7/4/2014,2.48
7/5/2014,
7/6/2014,
7/7/2014,2.48
7/8/2014,2.48
7/9/2014,2.5
7/10/2014,2.48
7/11/2014,2.48
7/12/2014,
7/13/2014,
7/14/2014,2.48
7/15/2014,2.48
7/16/2014,2.48
7/17/2014,2.49
7/18/2014,2.48
7/19/2014,
7/20/2014,
7/21/2014,2.48
7/22/2014,2.48
7/23/2014,2.49
7/24/2014,2.49
7/25/2014,2.49
7/26/2014,
7/27/2014,
7/28/2014,2.5
7/29/2014,2.5
7/30/2014,2.5
7/31/2014,2.49
8/1/2014,2.48
8/2/2014,
8/3/2014,
8/4/2014,2.48
8/5/2014,2.48
8/6/2014,2.49
8/7/2014,2.49
8/8/2014,2.49
8/9/2014,
8/10/2014,
8/11/2014,2.49
8/12/2014,2.49
8/13/2014,2.49
8/14/2014,2.24
8/15/2014,
8/16/2014,
8/17/2014,
8/18/2014,2.24
8/19/2014,2.24
8/20/2014,2.23
8/21/2014,2.23
8/22/2014,2.23
8/23/2014,
8/24/2014,
8/25/2014,2.24
8/26/2014,2.23
8/27/2014,2.23
8/28/2014,2.23
8/29/2014,2.24
8/30/2014,
8/31/2014,
9/1/2014,2.23
9/2/2014,2.23
9/3/2014,2.24
9/4/2014,2.25
9/5/2014,2.25
9/6/2014,
9/7/2014,
9/8/2014,
9/9/2014,
9/10/2014,
9/11/2014,2.23
9/12/2014,2.23
9/13/2014,
9/14/2014,
9/15/2014,2.23
9/16/2014,2.23
9/17/2014,2.23
9/18/2014,2.23
9/19/2014,2.23
9/20/2014,
9/21/2014,
9/22/2014,2.23
9/23/2014,2.23
9/24/2014,2.24
9/25/2014,2.24
9/26/2014,2.23
9/27/2014,
9/28/2014,
9/29/2014,2.24
9/30/2014,2.24
10/1/2014,2.24
10/2/2014,2.23
10/3/2014,
10/4/2014,
10/5/2014,
10/6/2014,2.23
10/7/2014,2.23
10/8/2014,2.23
10/9/2014,
10/10/2014,2.23
10/11/2014,
10/12/2014,
10/13/2014,2.23
10/14/2014,2.23
10/15/2014,1.99
10/16/2014,1.98
10/17/2014,1.98
10/18/2014,
10/19/2014,
10/20/2014,1.98
10/21/2014,1.98
10/22/2014,1.98
10/23/2014,1.99
10/24/2014,1.98
10/25/2014,
10/26/2014,
10/27/2014,1.98
10/28/2014,1.98
10/29/2014,1.98
10/30/2014,1.98
10/31/2014,1.97
11/1/2014,
11/2/2014,
11/3/2014,1.98
11/4/2014,1.96
11/5/2014,1.97
11/6/2014,1.98
11/7/2014,1.98
11/8/2014,
11/9/2014,
11/10/2014,1.98
11/11/2014,1.98
11/12/2014,1.98
11/13/2014,1.98
11/14/2014,1.98
11/15/2014,
11/16/2014,
11/17/2014,1.98
11/18/2014,1.98
11/19/2014,1.98
11/20/2014,1.98
11/21/2014,1.98
11/22/2014,
11/23/2014,
11/24/2014,1.98
11/25/2014,1.99
11/26/2014,1.98
11/27/2014,1.99
11/28/2014,1.99
11/29/2014,
11/30/2014,
12/1/2014,1.99
12/2/2014,1.98
12/3/2014,1.98
12/4/2014,1.98
12/5/2014,1.98
12/6/2014,
12/7/2014,
12/8/2014,1.99
12/9/2014,2.01
12/10/2014,1.99
12/11/2014,1.98
12/12/2014,1.98
12/13/2014,
12/14/2014,
12/15/2014,2
12/16/2014,1.99
12/17/2014,1.98
12/18/2014,1.98
12/19/2014,1.98
12/20/2014,
12/21/2014,
12/22/2014,1.99
12/23/2014,1.99
12/24/2014,1.99
12/25/2014,
12/26/2014,1.99
12/27/2014,
12/28/2014,
12/29/2014,1.99
12/30/2014,2.01
12/31/2014,2.03
1/1/2015,
1/2/2015,2.01
1/3/2015,
1/4/2015,
1/5/2015,2
1/6/2015,1.98
1/7/2015,1.99
1/8/2015,1.99
1/9/2015,1.98
1/10/2015,
1/11/2015,
1/12/2015,1.99
1/13/2015,1.99
1/14/2015,1.99
1/15/2015,1.99
1/16/2015,1.98
1/17/2015,
1/18/2015,
1/19/2015,1.98
1/20/2015,1.98
1/21/2015,1.98
1/22/2015,1.99
1/23/2015,1.99
1/24/2015,
1/25/2015,
1/26/2015,1.99
1/27/2015,1.99
1/28/2015,1.99
1/29/2015,1.99
1/30/2015,2
1/31/2015,
2/1/2015,
2/2/2015,1.99
2/3/2015,1.99
2/4/2015,1.99
2/5/2015,1.98
2/6/2015,1.99
2/7/2015,
2/8/2015,
2/9/2015,1.98
2/10/2015,2
2/11/2015,1.99
2/12/2015,1.98
2/13/2015,1.98
2/14/2015,
2/15/2015,
2/16/2015,1.99
2/17/2015,1.98
2/18/2015,
2/19/2015,
2/20/2015,
2/21/2015,
2/22/2015,
2/23/2015,1.98
2/24/2015,1.98
2/25/2015,1.98
2/26/2015,1.98
2/27/2015,1.99
2/28/2015,
3/1/2015,
3/2/2015,1.98
3/3/2015,1.98
3/4/2015,1.98
3/5/2015,1.98
3/6/2015,1.98
3/7/2015,
3/8/2015,
3/9/2015,1.98
3/10/2015,1.99
3/11/2015,1.98
3/12/2015,1.74
3/13/2015,1.73
3/14/2015,
3/15/2015,
3/16/2015,1.73
3/17/2015,1.74
3/18/2015,1.74
3/19/2015,1.74
3/20/2015,1.74
3/21/2015,
3/22/2015,
3/23/2015,1.73
3/24/2015,1.74
3/25/2015,1.74
3/26/2015,1.74
3/27/2015,1.74
3/28/2015,
3/29/2015,
3/30/2015,1.74
3/31/2015,1.74
4/1/2015,1.74
4/2/2015,1.73
4/3/2015,1.72
4/4/2015,
4/5/2015,
4/6/2015,1.72
4/7/2015,1.72
4/8/2015,1.73
4/9/2015,1.73
4/10/2015,1.74
4/11/2015,
4/12/2015,
4/13/2015,1.73
4/14/2015,1.73
4/15/2015,1.73
4/16/2015,1.73
4/17/2015,1.73
4/18/2015,
4/19/2015,
4/20/2015,1.73
4/21/2015,1.73
4/22/2015,1.73
4/23/2015,1.73
4/24/2015,1.74
4/25/2015,
4/26/2015,
4/27/2015,1.74
4/28/2015,1.74
4/29/2015,1.74
4/30/2015,1.74
5/1/2015,
5/2/2015,
5/3/2015,
5/4/2015,1.74
5/5/2015,
5/6/2015,1.73
5/7/2015,1.73
5/8/2015,1.73
5/9/2015,
5/10/2015,
5/11/2015,1.73
5/12/2015,1.73
5/13/2015,1.74
5/14/2015,1.73
5/15/2015,1.74
5/16/2015,
5/17/2015,
5/18/2015,1.74
5/19/2015,1.74
5/20/2015,1.74
5/21/2015,1.74
5/22/2015,1.74
5/23/2015,
5/24/2015,
5/25/2015,
5/26/2015,1.74
5/27/2015,1.74
5/28/2015,1.74
5/29/2015,1.74
5/30/2015,
5/31/2015,
6/1/2015,1.74
6/2/2015,1.73
6/3/2015,1.73
6/4/2015,1.73
6/5/2015,1.73
6/6/2015,
6/7/2015,
6/8/2015,1.72
6/9/2015,1.73
6/10/2015,1.74
6/11/2015,1.49
6/12/2015,1.48
6/13/2015,
6/14/2015,
6/15/2015,1.49
6/16/2015,1.48
6/17/2015,1.49
6/18/2015,1.49
6/19/2015,1.49
6/20/2015,
6/21/2015,
6/22/2015,1.49
6/23/2015,1.49
6/24/2015,1.5
6/25/2015,1.5
6/26/2015,1.5
6/27/2015,
6/28/2015,
6/29/2015,1.49
6/30/2015,1.5
7/1/2015,1.49
7/2/2015,1.48
7/3/2015,1.48
7/4/2015,
7/5/2015,
7/6/2015,1.48
7/7/2015,1.5
7/8/2015,1.48
7/9/2015,1.48
7/10/2015,1.48
7/11/2015,
7/12/2015,
7/13/2015,1.48
7/14/2015,1.49
7/15/2015,1.48
7/16/2015,1.48
7/17/2015,1.48
7/18/2015,
7/19/2015,
7/20/2015,1.47
7/21/2015,1.47
7/22/2015,1.47
7/23/2015,1.48
7/24/2015,1.49
7/25/2015,
7/26/2015,
7/27/2015,1.49
7/28/2015,1.49
7/29/2015,1.49
7/30/2015,1.49
7/31/2015,1.5
8/1/2015,
8/2/2015,
8/3/2015,1.48
8/4/2015,1.49
8/5/2015,1.48
8/6/2015,1.49
8/7/2015,1.49
8/8/2015,
8/9/2015,
8/10/2015,1.49
8/11/2015,1.49
8/12/2015,1.49
8/13/2015,1.49
8/14/2015,
8/15/2015,
8/16/2015,
8/17/2015,1.49
8/18/2015,1.49
8/19/2015,1.49
8/20/2015,1.49
8/21/2015,1.49
8/22/2015,
8/23/2015,
8/24/2015,1.5
8/25/2015,1.5
8/26/2015,1.5
8/27/2015,1.5
8/28/2015,1.51
8/29/2015,
8/30/2015,
8/31/2015,1.52
9/1/2015,1.49
9/2/2015,1.48
9/3/2015,1.47
9/4/2015,1.45
9/5/2015,
9/6/2015,
9/7/2015,1.47
9/8/2015,1.49
9/9/2015,1.48
9/10/2015,1.49
9/11/2015,1.49
9/12/2015,
9/13/2015,
9/14/2015,1.49
9/15/2015,1.49
9/16/2015,1.48
9/17/2015,1.48
9/18/2015,1.48
9/19/2015,
9/20/2015,
9/21/2015,1.48
9/22/2015,1.48
9/23/2015,1.48
9/24/2015,1.49
9/25/2015,1.47
9/26/2015,
9/27/2015,
9/28/2015,
9/29/2015,
9/30/2015,1.49
10/1/2015,1.47
10/2/2015,1.46
10/3/2015,
10/4/2015,
10/5/2015,1.47
10/6/2015,1.5
10/7/2015,1.49
10/8/2015,1.48
10/9/2015,
10/10/2015,
10/11/2015,
10/12/2015,1.48
10/13/2015,1.48
10/14/2015,1.48
10/15/2015,1.48
10/16/2015,1.49
10/17/2015,
10/18/2015,
10/19/2015,1.49
10/20/2015,1.49
10/21/2015,1.49
10/22/2015,1.49
10/23/2015,1.49
10/24/2015,
10/25/2015,
10/26/2015,1.48
10/27/2015,1.48
10/28/2015,1.48
10/29/2015,1.48
10/30/2015,1.5
10/31/2015,
11/1/2015,
11/2/2015,1.5
11/3/2015,1.5
11/4/2015,1.5
11/5/2015,1.49
11/6/2015,1.49
11/7/2015,
11/8/2015,
11/9/2015,1.5
11/10/2015,1.49
11/11/2015,1.49
11/12/2015,1.5
11/13/2015,1.49
11/14/2015,
11/15/2015,
11/16/2015,1.49
11/17/2015,1.49
11/18/2015,1.49
11/19/2015,1.49
11/20/2015,1.49
11/21/2015,
11/22/2015,
11/23/2015,1.49
11/24/2015,1.49
11/25/2015,1.5
11/26/2015,1.49
11/27/2015,1.49
11/28/2015,
11/29/2015,
11/30/2015,1.5
12/1/2015,1.48
12/2/2015,1.44
12/3/2015,1.45
12/4/2015,1.4
12/5/2015,
12/6/2015,
12/7/2015,1.44
12/8/2015,1.46
12/9/2015,1.46
12/10/2015,1.48
12/11/2015,1.48
12/12/2015,
12/13/2015,
12/14/2015,1.48
12/15/2015,1.46
12/16/2015,1.46
12/17/2015,1.46
12/18/2015,1.48
12/19/2015,
12/20/2015,
12/21/2015,1.48
12/22/2015,1.48
12/23/2015,1.49
12/24/2015,1.49
12/25/2015,
12/26/2015,
12/27/2015,
12/28/2015,1.49
12/29/2015,1.49
12/30/2015,1.49
12/31/2015,1.52
1/1/2016,
1/2/2016,
1/3/2016,
1/4/2016,1.48
1/5/2016,1.49
1/6/2016,1.49
1/7/2016,1.49
1/8/2016,1.49
1/9/2016,
1/10/2016,
1/11/2016,1.49
1/12/2016,1.5
1/13/2016,1.5
1/14/2016,1.49
1/15/2016,1.5
1/16/2016,
1/17/2016,
1/18/2016,1.5
1/19/2016,1.48
1/20/2016,1.49
1/21/2016,1.49
1/22/2016,1.48
1/23/2016,
1/24/2016,
1/25/2016,1.48
1/26/2016,1.48
1/27/2016,1.48
1/28/2016,1.48
1/29/2016,1.5
1/30/2016,
1/31/2016,
2/1/2016,1.49
2/2/2016,1.49
2/3/2016,1.49
2/4/2016,1.51
2/5/2016,1.47
2/6/2016,
2/7/2016,
2/8/2016,
2/9/2016,
2/10/2016,
2/11/2016,1.49
2/12/2016,1.48
2/13/2016,
2/14/2016,
2/15/2016,1.48
2/16/2016,1.47
2/17/2016,1.48
2/18/2016,1.48
2/19/2016,1.47
2/20/2016,
2/21/2016,
2/22/2016,1.48
2/23/2016,1.49
2/24/2016,1.49
2/25/2016,1.49
2/26/2016,1.5
2/27/2016,
2/28/2016,
2/29/2016,1.52
3/1/2016,
3/2/2016,1.5
3/3/2016,1.49
3/4/2016,1.49
3/5/2016,
3/6/2016,
3/7/2016,1.49
3/8/2016,1.49
3/9/2016,1.48
3/10/2016,1.5
3/11/2016,1.48
3/12/2016,
3/13/2016,
3/14/2016,1.48
3/15/2016,1.48
3/16/2016,1.48
3/17/2016,1.48
3/18/2016,1.49
3/19/2016,
3/20/2016,
3/21/2016,1.49
3/22/2016,1.49
3/23/2016,1.49
3/24/2016,1.49
3/25/2016,1.49
3/26/2016,
3/27/2016,
3/28/2016,1.49
3/29/2016,1.49
3/30/2016,1.51
3/31/2016,1.53
4/1/2016,1.5
4/2/2016,
4/3/2016,
4/4/2016,1.46
4/5/2016,1.49
4/6/2016,1.48
4/7/2016,1.48
4/8/2016,1.48
4/9/2016,
4/10/2016,
4/11/2016,1.48
4/12/2016,1.48
4/13/2016,
4/14/2016,1.49
4/15/2016,1.48
4/16/2016,
4/17/2016,
4/18/2016,1.49
4/19/2016,1.48
4/20/2016,1.49
4/21/2016,1.48
4/22/2016,1.48
4/23/2016,
4/24/2016,
4/25/2016,1.49
4/26/2016,1.49
4/27/2016,1.48
4/28/2016,1.48
4/29/2016,1.5
4/30/2016,
5/1/2016,
5/2/2016,1.48
5/3/2016,1.48
5/4/2016,1.48
5/5/2016,
5/6/2016,
5/7/2016,
5/8/2016,
5/9/2016,1.48
5/10/2016,1.5
5/11/2016,1.54
5/12/2016,1.49
5/13/2016,1.49
5/14/2016,
5/15/2016,
5/16/2016,1.49
5/17/2016,1.49
5/18/2016,1.49
5/19/2016,1.49
5/20/2016,1.49
5/21/2016,
5/22/2016,
5/23/2016,1.49
5/24/2016,1.49
5/25/2016,1.49
5/26/2016,1.49
5/27/2016,1.48
5/28/2016,
5/29/2016,
5/30/2016,1.48
5/31/2016,1.48
6/1/2016,1.48
6/2/2016,1.49
6/3/2016,1.47
6/4/2016,
6/5/2016,
6/6/2016,
6/7/2016,1.49
6/8/2016,1.48
6/9/2016,1.24
6/10/2016,1.24
6/11/2016,
6/12/2016,
6/13/2016,1.24
6/14/2016,1.24
6/15/2016,1.24
6/16/2016,1.24
6/17/2016,1.24
6/18/2016,
6/19/2016,
6/20/2016,1.24
6/21/2016,1.24
6/22/2016,1.24
6/23/2016,1.24
6/24/2016,1.24
6/25/2016,
6/26/2016,
6/27/2016,1.24
6/28/2016,1.22
6/29/2016,1.22
6/30/2016,1.23
7/1/2016,1.2
7/2/2016,
7/3/2016,
7/4/2016,1.2
7/5/2016,1.23
7/6/2016,1.23
7/7/2016,1.23
7/8/2016,1.23
7/9/2016,
7/10/2016,
7/11/2016,1.23
7/12/2016,1.23
7/13/2016,1.23
7/14/2016,1.23
7/15/2016,1.23
7/16/2016,
7/17/2016,
7/18/2016,1.23
7/19/2016,1.23
7/20/2016,1.23
7/21/2016,1.23
7/22/2016,1.23
7/23/2016,
7/24/2016,
7/25/2016,1.23
7/26/2016,1.23
7/27/2016,1.21
7/28/2016,1.22
7/29/2016,1.24
7/30/2016,
7/31/2016,
8/1/2016,1.23
8/2/2016,1.23
8/3/2016,1.23
8/4/2016,1.23
8/5/2016,1.23
8/6/2016,
8/7/2016,
8/8/2016,1.23
8/9/2016,1.23
8/10/2016,1.23
8/11/2016,1.23
8/12/2016,1.23
8/13/2016,
8/14/2016,
8/15/2016,
8/16/2016,1.23
8/17/2016,1.23
8/18/2016,1.23
8/19/2016,1.23
8/20/2016,
8/21/2016,
8/22/2016,1.23
8/23/2016,1.23
8/24/2016,1.24
8/25/2016,1.24
8/26/2016,1.24
8/27/2016,
8/28/2016,
8/29/2016,1.24
8/30/2016,1.24
8/31/2016,1.25
9/1/2016,1.24
9/2/2016,1.23
9/3/2016,
9/4/2016,
9/5/2016,1.22
9/6/2016,1.24
9/7/2016,1.23
9/8/2016,1.25
9/9/2016,1.25
9/10/2016,
9/11/2016,
9/12/2016,1.24
9/13/2016,1.24
9/14/2016,
9/15/2016,
9/16/2016,
9/17/2016,
9/18/2016,
9/19/2016,1.24
9/20/2016,1.24
9/21/2016,1.24
9/22/2016,1.24
9/23/2016,1.24
9/24/2016,
9/25/2016,
9/26/2016,1.24
9/27/2016,1.24
9/28/2016,1.25
9/29/2016,1.25
9/30/2016,1.26
10/1/2016,
10/2/2016,
10/3/2016,
10/4/2016,1.25
10/5/2016,1.24
10/6/2016,1.24
10/7/2016,1.23
10/8/2016,
10/9/2016,
10/10/2016,1.23
10/11/2016,1.24
10/12/2016,1.24
10/13/2016,1.23
10/14/2016,1.24
10/15/2016,
10/16/2016,
10/17/2016,1.24
10/18/2016,1.23
10/19/2016,1.23
10/20/2016,1.23
10/21/2016,1.24
10/22/2016,
10/23/2016,
10/24/2016,1.24
10/25/2016,1.23
10/26/2016,1.23
10/27/2016,1.23
10/28/2016,1.18
10/29/2016,
10/30/2016,
10/31/2016,1.24
11/1/2016,1.22
11/2/2016,1.22
11/3/2016,1.22
11/4/2016,1.24
11/5/2016,
11/6/2016,
11/7/2016,1.24
11/8/2016,1.24
11/9/2016,1.24
11/10/2016,1.23
11/11/2016,1.23
11/12/2016,
11/13/2016,
11/14/2016,1.24
11/15/2016,1.24
11/16/2016,1.24
11/17/2016,1.24
11/18/2016,1.23
11/19/2016,
11/20/2016,
11/21/2016,1.19
11/22/2016,1.23
11/23/2016,1.23
11/24/2016,1.23
11/25/2016,1.22
11/26/2016,
11/27/2016,
11/28/2016,1.19
11/29/2016,1.2
11/30/2016,1.23
12/1/2016,1.21
12/2/2016,1.16
12/3/2016,
12/4/2016,
12/5/2016,1.2
12/6/2016,1.23
12/7/2016,1.23
12/8/2016,1.23
12/9/2016,1.23
12/10/2016,
12/11/2016,
12/12/2016,1.23
12/13/2016,1.22
12/14/2016,1.22
12/15/2016,1.22
12/16/2016,1.2
12/17/2016,
12/18/2016,
12/19/2016,1.23
12/20/2016,1.2
12/21/2016,1.22
12/22/2016,1.23
12/23/2016,1.24
12/24/2016,
12/25/2016,
12/26/2016,1.24
12/27/2016,1.24
12/28/2016,1.23
12/29/2016,1.24
12/30/2016,1.27
12/31/2016,
1/1/2017,
1/2/2017,1.26
1/3/2017,1.24
1/4/2017,1.24
1/5/2017,1.24
1/6/2017,1.24
1/7/2017,
1/8/2017,
1/9/2017,1.24
1/10/2017,1.25
1/11/2017,1.24
1/12/2017,1.23
1/13/2017,1.24
1/14/2017,
1/15/2017,
1/16/2017,1.24
1/17/2017,1.23
1/18/2017,1.23
1/19/2017,1.24
1/20/2017,1.24
1/21/2017,
1/22/2017,
1/23/2017,1.24
1/24/2017,1.25
1/25/2017,1.25
1/26/2017,1.26
1/27/2017,
1/28/2017,
1/29/2017,
1/30/2017,
1/31/2017,1.25
2/1/2017,1.23
2/2/2017,1.23
2/3/2017,1.23
2/4/2017,
2/5/2017,
2/6/2017,1.22
2/7/2017,1.21
2/8/2017,1.22
2/9/2017,1.23
2/10/2017,1.23
2/11/2017,
2/12/2017,
2/13/2017,1.23
2/14/2017,1.23
2/15/2017,1.23
2/16/2017,1.22
2/17/2017,1.23
2/18/2017,
2/19/2017,
2/20/2017,1.23
2/21/2017,1.23
2/22/2017,1.24
2/23/2017,1.24
2/24/2017,1.24
2/25/2017,
2/26/2017,
2/27/2017,1.24
2/28/2017,1.26
3/1/2017,
3/2/2017,1.24
3/3/2017,1.23
3/4/2017,
3/5/2017,
3/6/2017,1.2
3/7/2017,1.18
3/8/2017,1.23
3/9/2017,1.24
3/10/2017,1.24
3/11/2017,
3/12/2017,
3/13/2017,1.23
3/14/2017,1.23
3/15/2017,1.23
3/16/2017,1.22
3/17/2017,1.2
3/18/2017,
3/19/2017,
3/20/2017,1.22
3/21/2017,1.22
3/22/2017,1.22
3/23/2017,1.23
3/24/2017,1.22
3/25/2017,
3/26/2017,
3/27/2017,1.23
3/28/2017,1.22
3/29/2017,1.24
3/30/2017,1.25
3/31/2017,1.27
4/1/2017,
4/2/2017,
4/3/2017,1.25
4/4/2017,1.23
4/5/2017,1.23
4/6/2017,1.23
4/7/2017,1.23
4/8/2017,
4/9/2017,
4/10/2017,1.23
4/11/2017,1.23
4/12/2017,1.23
4/13/2017,1.23
4/14/2017,1.23
4/15/2017,
4/16/2017,
4/17/2017,1.23
4/18/2017,1.23
4/19/2017,1.23
4/20/2017,1.24
4/21/2017,1.24
4/22/2017,
4/23/2017,
4/24/2017,1.24
4/25/2017,1.23
4/26/2017,1.22
4/27/2017,1.17
4/28/2017,1.21
4/29/2017,
4/30/2017,
5/1/2017,
5/2/2017,1.22
5/3/2017,
5/4/2017,1.22
5/5/2017,
5/6/2017,
5/7/2017,
5/8/2017,1.23
5/9/2017,
5/10/2017,1.23
5/11/2017,1.23
5/12/2017,1.23
5/13/2017,
5/14/2017,
5/15/2017,1.23
5/16/2017,1.23
5/17/2017,1.23
5/18/2017,1.23
5/19/2017,1.23
5/20/2017,
5/21/2017,
5/22/2017,1.23
5/23/2017,1.23
5/24/2017,1.23
5/25/2017,1.22
5/26/2017,1.23
5/27/2017,
5/28/2017,
5/29/2017,1.23
5/30/2017,1.24
5/31/2017,1.26
6/1/2017,1.25
6/2/2017,1.22
6/3/2017,
6/4/2017,
6/5/2017,1.24
6/6/2017,
6/7/2017,1.23
6/8/2017,1.24
6/9/2017,1.23
6/10/2017,
6/11/2017,
6/12/2017,1.23
6/13/2017,1.23
6/14/2017,1.23
6/15/2017,1.23
6/16/2017,1.23
6/17/2017,
6/18/2017,
6/19/2017,1.23
6/20/2017,1.23
6/21/2017,1.23
6/22/2017,1.23
6/23/2017,1.24
6/24/2017,
6/25/2017,
6/26/2017,1.25
6/27/2017,1.25
6/28/2017,1.25
6/29/2017,1.27
6/30/2017,1.29
7/1/2017,
7/2/2017,
7/3/2017,1.26
7/4/2017,1.23
7/5/2017,1.22
7/6/2017,1.23
7/7/2017,1.24
7/8/2017,
7/9/2017,
7/10/2017,1.24
7/11/2017,1.24
7/12/2017,1.24
7/13/2017,1.24
7/14/2017,1.24
7/15/2017,
7/16/2017,
7/17/2017,1.23
7/18/2017,1.23
7/19/2017,1.23
7/20/2017,1.23
7/21/2017,1.24
7/22/2017,
7/23/2017,
7/24/2017,1.24
7/25/2017,1.24
7/26/2017,1.24
7/27/2017,1.24
7/28/2017,1.23
7/29/2017,
7/30/2017,
7/31/2017,1.24
8/1/2017,1.23
8/2/2017,1.21
8/3/2017,1.22
8/4/2017,1.22
8/5/2017,
8/6/2017,
8/7/2017,1.2
8/8/2017,1.18
8/9/2017,1.23
8/10/2017,1.23
8/11/2017,1.23
8/12/2017,
8/13/2017,
8/14/2017,1.21
8/15/2017,
8/16/2017,1.21
8/17/2017,1.22
8/18/2017,1.23
8/19/2017,
8/20/2017,
8/21/2017,1.23
8/22/2017,1.23
8/23/2017,1.23
8/24/2017,1.24
8/25/2017,1.24
8/26/2017,
8/27/2017,
8/28/2017,1.25
8/29/2017,1.25
8/30/2017,1.25
8/31/2017,1.27
9/1/2017,1.26
9/2/2017,
9/3/2017,
9/4/2017,1.25
9/5/2017,1.24
9/6/2017,1.24
9/7/2017,1.25
9/8/2017,1.25
9/9/2017,
9/10/2017,
9/11/2017,1.25
9/12/2017,1.26
9/13/2017,1.26
9/14/2017,1.26
9/15/2017,1.25
9/16/2017,
9/17/2017,
9/18/2017,1.25
9/19/2017,1.24
9/20/2017,1.25
9/21/2017,1.25
9/22/2017,1.25
9/23/2017,
9/24/2017,
9/25/2017,1.26
9/26/2017,1.25
9/27/2017,1.26
9/28/2017,1.26
9/29/2017,1.27
9/30/2017,
10/1/2017,
10/2/2017,
10/3/2017,
10/4/2017,
10/5/2017,
10/6/2017,
10/7/2017,
10/8/2017,
10/9/2017,
10/10/2017,1.26
10/11/2017,1.24
10/12/2017,1.25
10/13/2017,1.25
10/14/2017,
10/15/2017,
10/16/2017,1.25
10/17/2017,1.24
10/18/2017,1.24
10/19/2017,1.24
10/20/2017,1.24
10/21/2017,
10/22/2017,
10/23/2017,1.24
10/24/2017,1.24
10/25/2017,1.24
10/26/2017,1.25
10/27/2017,1.24
10/28/2017,
10/29/2017,
10/30/2017,1.23
10/31/2017,1.26
11/1/2017,1.24
11/2/2017,1.24
11/3/2017,1.24
11/4/2017,
11/5/2017,
11/6/2017,1.23
11/7/2017,1.25
11/8/2017,1.23
11/9/2017,1.24
11/10/2017,1.24
11/11/2017,
11/12/2017,
11/13/2017,1.25
11/14/2017,1.24
11/15/2017,1.24
11/16/2017,1.24
11/17/2017,1.24
11/18/2017,
11/19/2017,
11/20/2017,1.25
11/21/2017,1.25
11/22/2017,1.24
11/23/2017,1.25
11/24/2017,1.25
11/25/2017,
11/26/2017,
11/27/2017,1.26
11/28/2017,1.26
11/29/2017,1.26
11/30/2017,1.53
12/1/2017,1.48
12/2/2017,
12/3/2017,
12/4/2017,1.48
12/5/2017,1.47
12/6/2017,1.48
12/7/2017,1.49
12/8/2017,1.52
12/9/2017,
12/10/2017,
12/11/2017,1.52
12/12/2017,1.51
12/13/2017,1.5
12/14/2017,1.5
12/15/2017,1.51
12/16/2017,
12/17/2017,
12/18/2017,1.5
12/19/2017,1.5
12/20/2017,1.51
12/21/2017,1.53
12/22/2017,1.51
12/23/2017,
12/24/2017,
12/25/2017,
12/26/2017,1.52
12/27/2017,1.51
12/28/2017,1.55
12/29/2017,1.58
12/30/2017,
12/31/2017,
1/1/2018,
1/2/2018,1.52
1/3/2018,1.5
1/4/2018,1.48
1/5/2018,1.47
1/6/2018,
1/7/2018,
1/8/2018,1.46
1/9/2018,1.49
1/10/2018,1.51
1/11/2018,1.5
1/12/2018,1.5
1/13/2018,
1/14/2018,
1/15/2018,1.5
1/16/2018,1.5
1/17/2018,1.49
1/18/2018,1.49
1/19/2018,1.49
1/20/2018,
1/21/2018,
1/22/2018,1.49
1/23/2018,1.49
1/24/2018,1.49
1/25/2018,1.49
1/26/2018,1.49
1/27/2018,
1/28/2018,
1/29/2018,1.49
1/30/2018,1.49
1/31/2018,1.54
2/1/2018,1.5
2/2/2018,1.46
2/3/2018,
2/4/2018,
2/5/2018,1.48
2/6/2018,1.47
2/7/2018,1.49
2/8/2018,1.47
2/9/2018,1.5
2/10/2018,
2/11/2018,
2/12/2018,1.51
2/13/2018,1.51
2/14/2018,1.51
2/15/2018,
2/16/2018,
2/17/2018,
2/18/2018,
2/19/2018,1.5
2/20/2018,1.48
2/21/2018,1.48
2/22/2018,1.49
2/23/2018,1.47
2/24/2018,
2/25/2018,
2/26/2018,1.48
2/27/2018,1.5
2/28/2018,1.51
3/1/2018,
3/2/2018,1.5
3/3/2018,
3/4/2018,
3/5/2018,1.46
3/6/2018,1.43
3/7/2018,1.48
3/8/2018,1.5
3/9/2018,1.49
3/10/2018,
3/11/2018,
3/12/2018,1.5
3/13/2018,1.5
3/14/2018,1.5
3/15/2018,1.49
3/16/2018,1.5
3/17/2018,
3/18/2018,
3/19/2018,1.5
3/20/2018,1.49
3/21/2018,1.49
3/22/2018,1.5
3/23/2018,1.51
3/24/2018,
3/25/2018,
3/26/2018,1.5
3/27/2018,1.48
3/28/2018,1.48
3/29/2018,1.48
3/30/2018,1.54
3/31/2018,
4/1/2018,
4/2/2018,1.49
4/3/2018,1.44
4/4/2018,1.46
4/5/2018,1.46
4/6/2018,1.44
4/7/2018,
4/8/2018,
4/9/2018,1.48
4/10/2018,1.49
4/11/2018,1.48
4/12/2018,1.48
4/13/2018,1.49
4/14/2018,
4/15/2018,
4/16/2018,1.46
4/17/2018,1.47
4/18/2018,1.47
4/19/2018,1.47
4/20/2018,1.47
4/21/2018,
4/22/2018,
4/23/2018,1.47
4/24/2018,1.48
4/25/2018,1.48
4/26/2018,1.48
4/27/2018,1.46
4/28/2018,
4/29/2018,
4/30/2018,1.51
5/1/2018,
5/2/2018,1.5
5/3/2018,1.49
5/4/2018,1.49
5/5/2018,
5/6/2018,
5/7/2018,
5/8/2018,1.48
5/9/2018,1.48
5/10/2018,1.49
5/11/2018,1.49
5/12/2018,
5/13/2018,
5/14/2018,1.49
5/15/2018,1.49
5/16/2018,1.49
5/17/2018,1.48
5/18/2018,1.49
5/19/2018,
5/20/2018,
5/21/2018,1.49
5/22/2018,
5/23/2018,1.5
5/24/2018,1.5
5/25/2018,1.51
5/26/2018,
5/27/2018,
5/28/2018,1.51
5/29/2018,1.5
5/30/2018,1.52
5/31/2018,1.55
6/1/2018,1.5
6/2/2018,
6/3/2018,
6/4/2018,1.44
6/5/2018,1.48
6/6/2018,
6/7/2018,1.46
6/8/2018,1.49
6/9/2018,
6/10/2018,
6/11/2018,1.47
6/12/2018,1.47
6/13/2018,
6/14/2018,1.49
6/15/2018,1.49
6/16/2018,
6/17/2018,
6/18/2018,1.49
6/19/2018,1.47
6/20/2018,1.49
6/21/2018,1.49
6/22/2018,1.5
6/23/2018,
6/24/2018,
6/25/2018,1.5
6/26/2018,1.46
6/27/2018,1.49
6/28/2018,1.53
6/29/2018,1.57
6/30/2018,
7/1/2018,
7/2/2018,1.53
7/3/2018,1.47
7/4/2018,1.46
7/5/2018,1.46
7/6/2018,1.43
7/7/2018,
7/8/2018,
7/9/2018,1.49
7/10/2018,1.49
7/11/2018,1.48
7/12/2018,1.51
7/13/2018,1.48
7/14/2018,
7/15/2018,
7/16/2018,1.49
7/17/2018,1.47
7/18/2018,1.48
7/19/2018,1.48
7/20/2018,1.48
7/21/2018,
7/22/2018,
7/23/2018,1.48
7/24/2018,1.5
7/25/2018,1.5
7/26/2018,1.5
7/27/2018,1.49
7/28/2018,
7/29/2018,
7/30/2018,1.49
7/31/2018,1.52
8/1/2018,1.5
8/2/2018,1.49
8/3/2018,1.49
8/4/2018,
8/5/2018,
8/6/2018,1.49
8/7/2018,1.44
8/8/2018,1.48
8/9/2018,1.49
8/10/2018,1.48
8/11/2018,
8/12/2018,
8/13/2018,1.49
8/14/2018,1.49
8/15/2018,
8/16/2018,1.49
8/17/2018,1.49
8/18/2018,
8/19/2018,
8/20/2018,1.5
8/21/2018,1.49
8/22/2018,1.49
8/23/2018,1.5
8/24/2018,1.48
8/25/2018,
8/26/2018,
8/27/2018,1.49
8/28/2018,1.49
8/29/2018,1.49
8/30/2018,1.51
8/31/2018,1.55
9/1/2018,
9/2/2018,
9/3/2018,1.54
9/4/2018,1.45
9/5/2018,1.49
9/6/2018,1.51
9/7/2018,1.64
9/8/2018,
9/9/2018,
9/10/2018,1.55
9/11/2018,1.52
9/12/2018,1.51
9/13/2018,1.52
9/14/2018,1.51
9/15/2018,
9/16/2018,
9/17/2018,1.51
9/18/2018,1.51
9/19/2018,1.51
9/20/2018,1.55
9/21/2018,1.6
9/22/2018,
9/23/2018,
9/24/2018,
9/25/2018,
9/26/2018,
9/27/2018,1.59
9/28/2018,1.65
9/29/2018,
9/30/2018,
10/1/2018,1.55
10/2/2018,1.51
10/3/2018,
10/4/2018,1.5
10/5/2018,1.5
10/6/2018,
10/7/2018,
10/8/2018,1.47
10/9/2018,
10/10/2018,1.48
10/11/2018,1.5
10/12/2018,1.52
10/13/2018,
10/14/2018,
10/15/2018,1.5
10/16/2018,1.49
10/17/2018,1.51
10/18/2018,1.5
10/19/2018,1.5
10/20/2018,
10/21/2018,
10/22/2018,1.53
10/23/2018,1.54
10/24/2018,1.56
10/25/2018,1.54
10/26/2018,1.53
10/27/2018,
10/28/2018,
10/29/2018,1.49
10/30/2018,1.49
10/31/2018,1.57
11/1/2018,1.51
11/2/2018,1.45
11/3/2018,
11/4/2018,
11/5/2018,1.47
11/6/2018,1.44
11/7/2018,1.48
11/8/2018,1.48
11/9/2018,1.49
11/10/2018,
11/11/2018,
11/12/2018,1.5
11/13/2018,1.51
11/14/2018,1.5
11/15/2018,1.51
11/16/2018,1.52
11/17/2018,
11/18/2018,
11/19/2018,1.51
11/20/2018,1.52
11/21/2018,1.5
11/22/2018,1.53
11/23/2018,1.52
11/24/2018,
11/25/2018,
11/26/2018,1.52
11/27/2018,1.49
11/28/2018,1.48
11/29/2018,1.49
11/30/2018,1.76
12/1/2018,
12/2/2018,
12/3/2018,1.74
12/4/2018,1.68
12/5/2018,1.73
12/6/2018,1.71
12/7/2018,1.75
12/8/2018,
12/9/2018,
12/10/2018,1.76
12/11/2018,1.76
12/12/2018,1.77
12/13/2018,1.75
12/14/2018,1.76
12/15/2018,
12/16/2018,
12/17/2018,1.76
12/18/2018,1.75
12/19/2018,1.75
12/20/2018,1.77
12/21/2018,1.78
12/22/2018,
12/23/2018,
12/24/2018,1.77
12/25/2018,
12/26/2018,1.78
12/27/2018,1.82
12/28/2018,1.82
12/29/2018,
12/30/2018,
12/31/2018,1.89
1/1/2019,
1/2/2019,1.83
1/3/2019,1.77
1/4/2019,1.75
1/5/2019,
1/6/2019,
1/7/2019,1.74
1/8/2019,1.74
1/9/2019,1.73
1/10/2019,1.75
1/11/2019,1.75
1/12/2019,
1/13/2019,
1/14/2019,1.73
1/15/2019,1.74
1/16/2019,1.75
1/17/2019,1.75
1/18/2019,1.75
1/19/2019,
1/20/2019,
1/21/2019,1.76
1/22/2019,1.77
1/23/2019,1.78
1/24/2019,1.75
1/25/2019,1.76
1/26/2019,
1/27/2019,
1/28/2019,1.76
1/29/2019,1.74
1/30/2019,1.74
1/31/2019,1.81
2/1/2019,1.74
2/2/2019,
2/3/2019,
2/4/2019,
2/5/2019,
2/6/2019,
2/7/2019,1.75
2/8/2019,1.75
2/9/2019,
2/10/2019,
2/11/2019,1.74
2/12/2019,1.75
2/13/2019,1.74
2/14/2019,1.76
2/15/2019,1.77
2/16/2019,
2/17/2019,
2/18/2019,1.78
2/19/2019,1.76
2/20/2019,1.75
2/21/2019,1.76
2/22/2019,1.76
2/23/2019,
2/24/2019,
2/25/2019,1.77
2/26/2019,1.76
2/27/2019,1.77
2/28/2019,1.8
3/1/2019,
3/2/2019,
3/3/2019,
3/4/2019,1.76
3/5/2019,1.77
3/6/2019,1.75
3/7/2019,1.76
3/8/2019,1.78
3/9/2019,
3/10/2019,
3/11/2019,1.77
3/12/2019,1.76
3/13/2019,1.78
3/14/2019,1.75
3/15/2019,1.73
3/16/2019,
3/17/2019,
3/18/2019,1.76
3/19/2019,1.74
3/20/2019,1.74
3/21/2019,1.74
3/22/2019,1.75
3/23/2019,
3/24/2019,
3/25/2019,1.75
3/26/2019,1.77
3/27/2019,1.74
3/28/2019,1.76
3/29/2019,1.81
3/30/2019,
3/31/2019,
4/1/2019,1.75
4/2/2019,1.75
4/3/2019,1.7
4/4/2019,1.72
4/5/2019,1.75
4/6/2019,
4/7/2019,
4/8/2019,1.76
4/9/2019,1.77
4/10/2019,1.75
4/11/2019,1.78
4/12/2019,1.76
4/13/2019,
4/14/2019,
4/15/2019,1.77
4/16/2019,1.76
4/17/2019,1.73
4/18/2019,1.72
4/19/2019,1.75
4/20/2019,
4/21/2019,
4/22/2019,1.74
4/23/2019,1.75
4/24/2019,1.73
4/25/2019,1.73
4/26/2019,1.73
4/27/2019,
4/28/2019,
4/29/2019,1.73
4/30/2019,1.79
5/1/2019,
5/2/2019,1.75
5/3/2019,1.74
5/4/2019,
5/5/2019,
5/6/2019,
5/7/2019,1.73
5/8/2019,1.73
5/9/2019,1.73
5/10/2019,1.74
5/11/2019,
5/12/2019,
5/13/2019,1.75
5/14/2019,1.73
5/15/2019,1.76
5/16/2019,1.75
5/17/2019,1.74
5/18/2019,
5/19/2019,
5/20/2019,1.76
5/21/2019,1.73
5/22/2019,1.73
5/23/2019,1.74
5/24/2019,1.73
5/25/2019,
5/26/2019,
5/27/2019,1.75
5/28/2019,1.75
5/29/2019,1.75
5/30/2019,1.76
5/31/2019,1.79
6/1/2019,
6/2/2019,
6/3/2019,1.77
6/4/2019,1.75
6/5/2019,1.73
6/6/2019,
6/7/2019,1.77
6/8/2019,
6/9/2019,
6/10/2019,1.75
6/11/2019,1.75
6/12/2019,1.75
6/13/2019,1.75
6/14/2019,1.74
6/15/2019,
6/16/2019,
6/17/2019,1.76
6/18/2019,1.75
6/19/2019,1.76
6/20/2019,1.75
6/21/2019,1.74
6/22/2019,
6/23/2019,
6/24/2019,1.75
6/25/2019,1.75
6/26/2019,1.76
6/27/2019,1.77
6/28/2019,1.83
6/29/2019,
6/30/2019,
7/1/2019,1.75
7/2/2019,1.73
7/3/2019,1.73
7/4/2019,1.73
7/5/2019,1.73
7/6/2019,
7/7/2019,
7/8/2019,1.73
7/9/2019,1.69
7/10/2019,1.74
7/11/2019,1.75
7/12/2019,1.74
7/13/2019,
7/14/2019,
7/15/2019,1.73
7/16/2019,1.72
7/17/2019,1.72
7/18/2019,1.5
7/19/2019,1.49
7/20/2019,
7/21/2019,
7/22/2019,1.48
7/23/2019,1.48
7/24/2019,1.48
7/25/2019,1.5
7/26/2019,1.51
7/27/2019,
7/28/2019,
7/29/2019,1.5
7/30/2019,1.52
7/31/2019,1.56
8/1/2019,1.51
8/2/2019,1.48
8/3/2019,
8/4/2019,
8/5/2019,1.49
8/6/2019,1.49
8/7/2019,1.49
8/8/2019,1.49
8/9/2019,1.5
8/10/2019,
8/11/2019,
8/12/2019,1.52
8/13/2019,1.52
8/14/2019,1.52
8/15/2019,
8/16/2019,1.52
8/17/2019,
8/18/2019,
8/19/2019,1.51
8/20/2019,1.51
8/21/2019,1.51
8/22/2019,1.52
8/23/2019,1.53
8/24/2019,
8/25/2019,
8/26/2019,1.53
8/27/2019,1.53
8/28/2019,1.51
8/29/2019,1.51
8/30/2019,1.54
8/31/2019,
9/1/2019,
9/2/2019,1.5
9/3/2019,1.5
9/4/2019,1.49
9/5/2019,1.5
9/6/2019,1.53
9/7/2019,
9/8/2019,
9/9/2019,1.56
9/10/2019,1.51
9/11/2019,1.49
9/12/2019,
9/13/2019,
9/14/2019,
9/15/2019,
9/16/2019,1.52
9/17/2019,1.52
9/18/2019,1.5
9/19/2019,1.5
9/20/2019,1.51
9/21/2019,
9/22/2019,
9/23/2019,1.51
9/24/2019,1.51
9/25/2019,1.53
9/26/2019,1.53
9/27/2019,1.54
9/28/2019,
9/29/2019,
9/30/2019,1.58
10/1/2019,1.55
10/2/2019,1.51
10/3/2019,
10/4/2019,1.52
10/5/2019,
10/6/2019,
10/7/2019,1.46
10/8/2019,1.48
10/9/2019,
10/10/2019,1.51
10/11/2019,1.55
10/12/2019,
10/13/2019,
10/14/2019,1.53
10/15/2019,1.52
10/16/2019,1.28
10/17/2019,1.25
10/18/2019,1.25
10/19/2019,
10/20/2019,
10/21/2019,1.25
10/22/2019,1.24
10/23/2019,1.24
10/24/2019,1.23
10/25/2019,1.24
10/26/2019,
10/27/2019,
10/28/2019,1.24
10/29/2019,1.24
10/30/2019,1.26
10/31/2019,1.29
11/1/2019,1.25
11/2/2019,
11/3/2019,
11/4/2019,1.25
11/5/2019,1.25
11/6/2019,1.24
11/7/2019,1.26
11/8/2019,1.28
11/9/2019,
11/10/2019,
11/11/2019,1.3
11/12/2019,1.32
11/13/2019,1.32
11/14/2019,1.3
11/15/2019,1.3
11/16/2019,
11/17/2019,
11/18/2019,1.3
11/19/2019,1.29
11/20/2019,1.3
11/21/2019,1.29
11/22/2019,1.29
11/23/2019,
11/24/2019,
11/25/2019,1.27
11/26/2019,1.27
11/27/2019,1.26
11/28/2019,1.25
11/29/2019,1.28
11/30/2019,
12/1/2019,
12/2/2019,1.25
12/3/2019,1.24
12/4/2019,1.24
12/5/2019,1.25
12/6/2019,1.24
12/7/2019,
12/8/2019,
12/9/2019,1.26
12/10/2019,1.28
12/11/2019,1.26
12/12/2019,1.3
12/13/2019,1.3
12/14/2019,
12/15/2019,
12/16/2019,1.29
12/17/2019,1.28
12/18/2019,1.28
12/19/2019,1.29
12/20/2019,1.28
12/21/2019,
12/22/2019,
12/23/2019,1.29
12/24/2019,1.3
12/25/2019,
12/26/2019,1.31
12/27/2019,1.31
12/28/2019,
12/29/2019,
12/30/2019,1.31
12/31/2019,1.39
1/1/2020,
1/2/2020,1.3
1/3/2020,1.27
1/4/2020,
1/5/2020,
1/6/2020,1.29
1/7/2020,1.27
1/8/2020,1.25
1/9/2020,1.28
1/10/2020,1.28
1/11/2020,
1/12/2020,
1/13/2020,1.29
1/14/2020,1.27
1/15/2020,1.27
1/16/2020,1.27
1/17/2020,1.28
1/18/2020,
1/19/2020,
1/20/2020,1.28
1/21/2020,1.29
1/22/2020,1.28
1/23/2020,1.28
1/24/2020,
1/25/2020,
1/26/2020,
1/27/2020,
1/28/2020,1.26
1/29/2020,1.25
1/30/2020,1.24
1/31/2020,1.25
2/1/2020,
2/2/2020,
2/3/2020,1.22
2/4/2020,1.22
2/5/2020,1.23
2/6/2020,1.23
2/7/2020,1.22
2/8/2020,
2/9/2020,
2/10/2020,1.24
2/11/2020,1.26
2/12/2020,1.26
2/13/2020,1.26
2/14/2020,1.24
2/15/2020,
2/16/2020,
2/17/2020,1.24
2/18/2020,1.23
2/19/2020,1.24
2/20/2020,
