date,base_rate
1/1/2004,3.75
1/2/2004,3.75
1/3/2004,3.75
1/4/2004,3.75
1/5/2004,3.75
1/6/2004,3.75
1/7/2004,3.75
1/8/2004,3.75
1/9/2004,3.75
1/10/2004,3.75
1/11/2004,3.75
1/12/2004,3.75
1/13/2004,3.75
1/14/2004,3.75
1/15/2004,3.75
1/16/2004,3.75
1/17/2004,3.75
1/18/2004,3.75
1/19/2004,3.75
1/20/2004,3.75
1/21/2004,3.75
1/22/2004,3.75
1/23/2004,3.75
1/24/2004,3.75
1/25/2004,3.75
1/26/2004,3.75
1/27/2004,3.75
1/28/2004,3.75
1/29/2004,3.75
1/30/2004,3.75
1/31/2004,3.75
2/1/2004,3.75
2/2/2004,3.75
2/3/2004,3.75
2/4/2004,3.75
2/5/2004,3.75
2/6/2004,3.75
2/7/2004,3.75
2/8/2004,3.75
2/9/2004,3.75
2/10/2004,3.75
2/11/2004,3.75
2/12/2004,3.75
2/13/2004,3.75
2/14/2004,3.75
2/15/2004,3.75
2/16/2004,3.75
2/17/2004,3.75
2/18/2004,3.75
2/19/2004,3.75
2/20/2004,3.75
2/21/2004,3.75
2/22/2004,3.75
2/23/2004,3.75
2/24/2004,3.75
2/25/2004,3.75
2/26/2004,3.75
2/27/2004,3.75
2/28/2004,3.75
2/29/2004,3.75
3/1/2004,3.75
3/2/2004,3.75
3/3/2004,3.75
3/4/2004,3.75
3/5/2004,3.75
3/6/2004,3.75
3/7/2004,3.75
3/8/2004,3.75
3/9/2004,3.75
3/10/2004,3.75
3/11/2004,3.75
3/12/2004,3.75
3/13/2004,3.75
3/14/2004,3.75
3/15/2004,3.75
3/16/2004,3.75
3/17/2004,3.75
3/18/2004,3.75
3/19/2004,3.75
3/20/2004,3.75
3/21/2004,3.75
3/22/2004,3.75
3/23/2004,3.75
3/24/2004,3.75
3/25/2004,3.75
3/26/2004,3.75
3/27/2004,3.75
3/28/2004,3.75
3/29/2004,3.75
3/30/2004,3.75
3/31/2004,3.75
4/1/2004,3.75
4/2/2004,3.75
4/3/2004,3.75
4/4/2004,3.75
4/5/2004,3.75
4/6/2004,3.75
4/7/2004,3.75
4/8/2004,3.75
4/9/2004,3.75
4/10/2004,3.75
4/11/2004,3.75
4/12/2004,3.75
4/13/2004,3.75
4/14/2004,3.75
4/15/2004,3.75
4/16/2004,3.75
4/17/2004,3.75
4/18/2004,3.75
4/19/2004,3.75
4/20/2004,3.75
4/21/2004,3.75
4/22/2004,3.75
4/23/2004,3.75
4/24/2004,3.75
4/25/2004,3.75
4/26/2004,3.75
4/27/2004,3.75
4/28/2004,3.75
4/29/2004,3.75
4/30/2004,3.75
5/1/2004,3.75
5/2/2004,3.75
5/3/2004,3.75
5/4/2004,3.75
5/5/2004,3.75
5/6/2004,3.75
5/7/2004,3.75
5/8/2004,3.75
5/9/2004,3.75
5/10/2004,3.75
5/11/2004,3.75
5/12/2004,3.75
5/13/2004,3.75
5/14/2004,3.75
5/15/2004,3.75
5/16/2004,3.75
5/17/2004,3.75
5/18/2004,3.75
5/19/2004,3.75
5/20/2004,3.75
5/21/2004,3.75
5/22/2004,3.75
5/23/2004,3.75
5/24/2004,3.75
5/25/2004,3.75
5/26/2004,3.75
5/27/2004,3.75
5/28/2004,3.75
5/29/2004,3.75
5/30/2004,3.75
5/31/2004,3.75
6/1/2004,3.75
6/2/2004,3.75
6/3/2004,3.75
6/4/2004,3.75
6/5/2004,3.75
6/6/2004,3.75
6/7/2004,3.75
6/8/2004,3.75
6/9/2004,3.75
6/10/2004,3.75
6/11/2004,3.75
6/12/2004,3.75
6/13/2004,3.75
6/14/2004,3.75
6/15/2004,3.75
6/16/2004,3.75
6/17/2004,3.75
6/18/2004,3.75
6/19/2004,3.75
6/20/2004,3.75
6/21/2004,3.75
6/22/2004,3.75
6/23/2004,3.75
6/24/2004,3.75
6/25/2004,3.75
6/26/2004,3.75
6/27/2004,3.75
6/28/2004,3.75
6/29/2004,3.75
6/30/2004,3.75
7/1/2004,3.75
7/2/2004,3.75
7/3/2004,3.75
7/4/2004,3.75
7/5/2004,3.75
7/6/2004,3.75
7/7/2004,3.75
7/8/2004,3.75
7/9/2004,3.75
7/10/2004,3.75
7/11/2004,3.75
7/12/2004,3.75
7/13/2004,3.75
7/14/2004,3.75
7/15/2004,3.75
7/16/2004,3.75
7/17/2004,3.75
7/18/2004,3.75
7/19/2004,3.75
7/20/2004,3.75
7/21/2004,3.75
7/22/2004,3.75
7/23/2004,3.75
7/24/2004,3.75
7/25/2004,3.75
7/26/2004,3.75
7/27/2004,3.75
7/28/2004,3.75
7/29/2004,3.75
7/30/2004,3.75
7/31/2004,3.75
8/1/2004,3.75
8/2/2004,3.75
8/3/2004,3.75
8/4/2004,3.75
8/5/2004,3.75
8/6/2004,3.75
8/7/2004,3.75
8/8/2004,3.75
8/9/2004,3.75
8/10/2004,3.75
8/11/2004,3.75
8/12/2004,3.5
8/13/2004,3.5
8/14/2004,3.5
8/15/2004,3.5
8/16/2004,3.5
8/17/2004,3.5
8/18/2004,3.5
8/19/2004,3.5
8/20/2004,3.5
8/21/2004,3.5
8/22/2004,3.5
8/23/2004,3.5
8/24/2004,3.5
8/25/2004,3.5
8/26/2004,3.5
8/27/2004,3.5
8/28/2004,3.5
8/29/2004,3.5
8/30/2004,3.5
8/31/2004,3.5
9/1/2004,3.5
9/2/2004,3.5
9/3/2004,3.5
9/4/2004,3.5
9/5/2004,3.5
9/6/2004,3.5
9/7/2004,3.5
9/8/2004,3.5
9/9/2004,3.5
9/10/2004,3.5
9/11/2004,3.5
9/12/2004,3.5
9/13/2004,3.5
9/14/2004,3.5
9/15/2004,3.5
9/16/2004,3.5
9/17/2004,3.5
9/18/2004,3.5
9/19/2004,3.5
9/20/2004,3.5
9/21/2004,3.5
9/22/2004,3.5
9/23/2004,3.5
9/24/2004,3.5
9/25/2004,3.5
9/26/2004,3.5
9/27/2004,3.5
9/28/2004,3.5
9/29/2004,3.5
9/30/2004,3.5
10/1/2004,3.5
10/2/2004,3.5
10/3/2004,3.5
10/4/2004,3.5
10/5/2004,3.5
10/6/2004,3.5
10/7/2004,3.5
10/8/2004,3.5
10/9/2004,3.5
10/10/2004,3.5
10/11/2004,3.5
10/12/2004,3.5
10/13/2004,3.5
10/14/2004,3.5
10/15/2004,3.5
10/16/2004,3.5
10/17/2004,3.5
10/18/2004,3.5
10/19/2004,3.5
10/20/2004,3.5
10/21/2004,3.5
10/22/2004,3.5
10/23/2004,3.5
10/24/2004,3.5
10/25/2004,3.5
10/26/2004,3.5
10/27/2004,3.5
10/28/2004,3.5
10/29/2004,3.5
10/30/2004,3.5
10/31/2004,3.5
11/1/2004,3.5
11/2/2004,3.5
11/3/2004,3.5
11/4/2004,3.5
11/5/2004,3.5
11/6/2004,3.5
11/7/2004,3.5
11/8/2004,3.5
11/9/2004,3.5
11/10/2004,3.5
11/11/2004,3.25
11/12/2004,3.25
11/13/2004,3.25
11/14/2004,3.25
11/15/2004,3.25
11/16/2004,3.25
11/17/2004,3.25
11/18/2004,3.25
11/19/2004,3.25
11/20/2004,3.25
11/21/2004,3.25
11/22/2004,3.25
11/23/2004,3.25
11/24/2004,3.25
11/25/2004,3.25
11/26/2004,3.25
11/27/2004,3.25
11/28/2004,3.25
11/29/2004,3.25
11/30/2004,3.25
12/1/2004,3.25
12/2/2004,3.25
12/3/2004,3.25
12/4/2004,3.25
12/5/2004,3.25
12/6/2004,3.25
12/7/2004,3.25
12/8/2004,3.25
12/9/2004,3.25
12/10/2004,3.25
12/11/2004,3.25
12/12/2004,3.25
12/13/2004,3.25
12/14/2004,3.25
12/15/2004,3.25
12/16/2004,3.25
12/17/2004,3.25
12/18/2004,3.25
12/19/2004,3.25
12/20/2004,3.25
12/21/2004,3.25
12/22/2004,3.25
12/23/2004,3.25
12/24/2004,3.25
12/25/2004,3.25
12/26/2004,3.25
12/27/2004,3.25
12/28/2004,3.25
12/29/2004,3.25
12/30/2004,3.25
12/31/2004,3.25
1/1/2005,3.25
1/2/2005,3.25
1/3/2005,3.25
1/4/2005,3.25
1/5/2005,3.25
1/6/2005,3.25
1/7/2005,3.25
1/8/2005,3.25
1/9/2005,3.25
1/10/2005,3.25
1/11/2005,3.25
1/12/2005,3.25
1/13/2005,3.25
1/14/2005,3.25
1/15/2005,3.25
1/16/2005,3.25
1/17/2005,3.25
1/18/2005,3.25
1/19/2005,3.25
1/20/2005,3.25
1/21/2005,3.25
1/22/2005,3.25
1/23/2005,3.25
1/24/2005,3.25
1/25/2005,3.25
1/26/2005,3.25
1/27/2005,3.25
1/28/2005,3.25
1/29/2005,3.25
1/30/2005,3.25
1/31/2005,3.25
2/1/2005,3.25
2/2/2005,3.25
2/3/2005,3.25
2/4/2005,3.25
2/5/2005,3.25
2/6/2005,3.25
2/7/2005,3.25
2/8/2005,3.25
2/9/2005,3.25
2/10/2005,3.25
2/11/2005,3.25
2/12/2005,3.25
2/13/2005,3.25
2/14/2005,3.25
2/15/2005,3.25
2/16/2005,3.25
2/17/2005,3.25
2/18/2005,3.25
2/19/2005,3.25
2/20/2005,3.25
2/21/2005,3.25
2/22/2005,3.25
2/23/2005,3.25
2/24/2005,3.25
2/25/2005,3.25
2/26/2005,3.25
2/27/2005,3.25
2/28/2005,3.25
3/1/2005,3.25
3/2/2005,3.25
3/3/2005,3.25
3/4/2005,3.25
3/5/2005,3.25
3/6/2005,3.25
3/7/2005,3.25
3/8/2005,3.25
3/9/2005,3.25
3/10/2005,3.25
3/11/2005,3.25
3/12/2005,3.25
3/13/2005,3.25
3/14/2005,3.25
3/15/2005,3.25
3/16/2005,3.25
3/17/2005,3.25
3/18/2005,3.25
3/19/2005,3.25
3/20/2005,3.25
3/21/2005,3.25
3/22/2005,3.25
3/23/2005,3.25
3/24/2005,3.25
3/25/2005,3.25
3/26/2005,3.25
3/27/2005,3.25
3/28/2005,3.25
3/29/2005,3.25
3/30/2005,3.25
3/31/2005,3.25
4/1/2005,3.25
4/2/2005,3.25
4/3/2005,3.25
4/4/2005,3.25
4/5/2005,3.25
4/6/2005,3.25
4/7/2005,3.25
4/8/2005,3.25
4/9/2005,3.25
4/10/2005,3.25
4/11/2005,3.25
4/12/2005,3.25
4/13/2005,3.25
4/14/2005,3.25
4/15/2005,3.25
4/16/2005,3.25
4/17/2005,3.25
4/18/2005,3.25
4/19/2005,3.25
4/20/2005,3.25
4/21/2005,3.25
4/22/2005,3.25
4/23/2005,3.25
4/24/2005,3.25
4/25/2005,3.25
4/26/2005,3.25
4/27/2005,3.25
4/28/2005,3.25
4/29/2005,3.25
4/30/2005,3.25
5/1/2005,3.25
5/2/2005,3.25
5/3/2005,3.25
5/4/2005,3.25
5/5/2005,3.25
5/6/2005,3.25
5/7/2005,3.25
5/8/2005,3.25
5/9/2005,3.25
5/10/2005,3.25
5/11/2005,3.25
5/12/2005,3.25
5/13/2005,3.25
5/14/2005,3.25
5/15/2005,3.25
5/16/2005,3.25
5/17/2005,3.25
5/18/2005,3.25
5/19/2005,3.25
5/20/2005,3.25
5/21/2005,3.25
5/22/2005,3.25
5/23/2005,3.25
5/24/2005,3.25
5/25/2005,3.25
5/26/2005,3.25
5/27/2005,3.25
5/28/2005,3.25
5/29/2005,3.25
5/30/2005,3.25
5/31/2005,3.25
6/1/2005,3.25
6/2/2005,3.25
6/3/2005,3.25
6/4/2005,3.25
6/5/2005,3.25
6/6/2005,3.25
6/7/2005,3.25
6/8/2005,3.25
6/9/2005,3.25
6/10/2005,3.25
6/11/2005,3.25
6/12/2005,3.25
6/13/2005,3.25
6/14/2005,3.25
6/15/2005,3.25
6/16/2005,3.25
6/17/2005,3.25
6/18/2005,3.25
6/19/2005,3.25
6/20/2005,3.25
6/21/2005,3.25
6/22/2005,3.25
6/23/2005,3.25
6/24/2005,3.25
6/25/2005,3.25
6/26/2005,3.25
6/27/2005,3.25
6/28/2005,3.25
6/29/2005,3.25
6/30/2005,3.25
7/1/2005,3.25
7/2/2005,3.25
7/3/2005,3.25
7/4/2005,3.25
7/5/2005,3.25
7/6/2005,3.25
7/7/2005,3.25
7/8/2005,3.25
7/9/2005,3.25
7/10/2005,3.25
7/11/2005,3.25
7/12/2005,3.25
7/13/2005,3.25
7/14/2005,3.25
7/15/2005,3.25
7/16/2005,3.25
7/17/2005,3.25
7/18/2005,3.25
7/19/2005,3.25
7/20/2005,3.25
7/21/2005,3.25
7/22/2005,3.25
7/23/2005,3.25
7/24/2005,3.25
7/25/2005,3.25
7/26/2005,3.25
7/27/2005,3.25
7/28/2005,3.25
7/29/2005,3.25
7/30/2005,3.25
7/31/2005,3.25
8/1/2005,3.25
8/2/2005,3.25
8/3/2005,3.25
8/4/2005,3.25
8/5/2005,3.25
8/6/2005,3.25
8/7/2005,3.25
8/8/2005,3.25
8/9/2005,3.25
8/10/2005,3.25
8/11/2005,3.25
8/12/2005,3.25
8/13/2005,3.25
8/14/2005,3.25
8/15/2005,3.25
8/16/2005,3.25
8/17/2005,3.25
8/18/2005,3.25
8/19/2005,3.25
8/20/2005,3.25
8/21/2005,3.25
8/22/2005,3.25
8/23/2005,3.25
8/24/2005,3.25
8/25/2005,3.25
8/26/2005,3.25
8/27/2005,3.25
8/28/2005,3.25
8/29/2005,3.25
8/30/2005,3.25
8/31/2005,3.25
9/1/2005,3.25
9/2/2005,3.25
9/3/2005,3.25
9/4/2005,3.25
9/5/2005,3.25
9/6/2005,3.25
9/7/2005,3.25
9/8/2005,3.25
9/9/2005,3.25
9/10/2005,3.25
9/11/2005,3.25
9/12/2005,3.25
9/13/2005,3.25
9/14/2005,3.25
9/15/2005,3.25
9/16/2005,3.25
9/17/2005,3.25
9/18/2005,3.25
9/19/2005,3.25
9/20/2005,3.25
9/21/2005,3.25
9/22/2005,3.25
9/23/2005,3.25
9/24/2005,3.25
9/25/2005,3.25
9/26/2005,3.25
9/27/2005,3.25
9/28/2005,3.25
9/29/2005,3.25
9/30/2005,3.25
10/1/2005,3.25
10/2/2005,3.25
10/3/2005,3.25
10/4/2005,3.25
10/5/2005,3.25
10/6/2005,3.25
10/7/2005,3.25
10/8/2005,3.25
10/9/2005,3.25
10/10/2005,3.25
10/11/2005,3.5
10/12/2005,3.5
10/13/2005,3.5
10/14/2005,3.5
10/15/2005,3.5
10/16/2005,3.5
10/17/2005,3.5
10/18/2005,3.5
10/19/2005,3.5
10/20/2005,3.5
10/21/2005,3.5
10/22/2005,3.5
10/23/2005,3.5
10/24/2005,3.5
10/25/2005,3.5
10/26/2005,3.5
10/27/2005,3.5
10/28/2005,3.5
10/29/2005,3.5
10/30/2005,3.5
10/31/2005,3.5
11/1/2005,3.5
11/2/2005,3.5
11/3/2005,3.5
11/4/2005,3.5
11/5/2005,3.5
11/6/2005,3.5
11/7/2005,3.5
11/8/2005,3.5
11/9/2005,3.5
11/10/2005,3.5
11/11/2005,3.5
11/12/2005,3.5
11/13/2005,3.5
11/14/2005,3.5
11/15/2005,3.5
11/16/2005,3.5
11/17/2005,3.5
11/18/2005,3.5
11/19/2005,3.5
11/20/2005,3.5
11/21/2005,3.5
11/22/2005,3.5
11/23/2005,3.5
11/24/2005,3.5
11/25/2005,3.5
11/26/2005,3.5
11/27/2005,3.5
11/28/2005,3.5
11/29/2005,3.5
11/30/2005,3.5
12/1/2005,3.5
12/2/2005,3.5
12/3/2005,3.5
12/4/2005,3.5
12/5/2005,3.5
12/6/2005,3.5
12/7/2005,3.5
12/8/2005,3.75
12/9/2005,3.75
12/10/2005,3.75
12/11/2005,3.75
12/12/2005,3.75
12/13/2005,3.75
12/14/2005,3.75
12/15/2005,3.75
12/16/2005,3.75
12/17/2005,3.75
12/18/2005,3.75
12/19/2005,3.75
12/20/2005,3.75
12/21/2005,3.75
12/22/2005,3.75
12/23/2005,3.75
12/24/2005,3.75
12/25/2005,3.75
12/26/2005,3.75
12/27/2005,3.75
12/28/2005,3.75
12/29/2005,3.75
12/30/2005,3.75
12/31/2005,3.75
1/1/2006,3.75
1/2/2006,3.75
1/3/2006,3.75
1/4/2006,3.75
1/5/2006,3.75
1/6/2006,3.75
1/7/2006,3.75
1/8/2006,3.75
1/9/2006,3.75
1/10/2006,3.75
1/11/2006,3.75
1/12/2006,3.75
1/13/2006,3.75
1/14/2006,3.75
1/15/2006,3.75
1/16/2006,3.75
1/17/2006,3.75
1/18/2006,3.75
1/19/2006,3.75
1/20/2006,3.75
1/21/2006,3.75
1/22/2006,3.75
1/23/2006,3.75
1/24/2006,3.75
1/25/2006,3.75
1/26/2006,3.75
1/27/2006,3.75
1/28/2006,3.75
1/29/2006,3.75
1/30/2006,3.75
1/31/2006,3.75
2/1/2006,3.75
2/2/2006,3.75
2/3/2006,3.75
2/4/2006,3.75
2/5/2006,3.75
2/6/2006,3.75
2/7/2006,3.75
2/8/2006,3.75
2/9/2006,4
2/10/2006,4
2/11/2006,4
2/12/2006,4
2/13/2006,4
2/14/2006,4
2/15/2006,4
2/16/2006,4
2/17/2006,4
2/18/2006,4
2/19/2006,4
2/20/2006,4
2/21/2006,4
2/22/2006,4
2/23/2006,4
2/24/2006,4
2/25/2006,4
2/26/2006,4
2/27/2006,4
2/28/2006,4
3/1/2006,4
3/2/2006,4
3/3/2006,4
3/4/2006,4
3/5/2006,4
3/6/2006,4
3/7/2006,4
3/8/2006,4
3/9/2006,4
3/10/2006,4
3/11/2006,4
3/12/2006,4
3/13/2006,4
3/14/2006,4
3/15/2006,4
3/16/2006,4
3/17/2006,4
3/18/2006,4
3/19/2006,4
3/20/2006,4
3/21/2006,4
3/22/2006,4
3/23/2006,4
3/24/2006,4
3/25/2006,4
3/26/2006,4
3/27/2006,4
3/28/2006,4
3/29/2006,4
3/30/2006,4
3/31/2006,4
4/1/2006,4
4/2/2006,4
4/3/2006,4
4/4/2006,4
4/5/2006,4
4/6/2006,4
4/7/2006,4
4/8/2006,4
4/9/2006,4
4/10/2006,4
4/11/2006,4
4/12/2006,4
4/13/2006,4
4/14/2006,4
4/15/2006,4
4/16/2006,4
4/17/2006,4
4/18/2006,4
4/19/2006,4
4/20/2006,4
4/21/2006,4
4/22/2006,4
4/23/2006,4
4/24/2006,4
4/25/2006,4
4/26/2006,4
4/27/2006,4
4/28/2006,4
4/29/2006,4
4/30/2006,4
5/1/2006,4
5/2/2006,4
5/3/2006,4
5/4/2006,4
5/5/2006,4
5/6/2006,4
5/7/2006,4
5/8/2006,4
5/9/2006,4
5/10/2006,4
5/11/2006,4
5/12/2006,4
5/13/2006,4
5/14/2006,4
5/15/2006,4
5/16/2006,4
5/17/2006,4
5/18/2006,4
5/19/2006,4
5/20/2006,4
5/21/2006,4
5/22/2006,4
5/23/2006,4
5/24/2006,4
5/25/2006,4
5/26/2006,4
5/27/2006,4
5/28/2006,4
5/29/2006,4
5/30/2006,4
5/31/2006,4
6/1/2006,4
6/2/2006,4
6/3/2006,4
6/4/2006,4
6/5/2006,4
6/6/2006,4
6/7/2006,4
6/8/2006,4.25
6/9/2006,4.25
6/10/2006,4.25
6/11/2006,4.25
6/12/2006,4.25
6/13/2006,4.25
6/14/2006,4.25
6/15/2006,4.25
6/16/2006,4.25
6/17/2006,4.25
6/18/2006,4.25
6/19/2006,4.25
6/20/2006,4.25
6/21/2006,4.25
6/22/2006,4.25
6/23/2006,4.25
6/24/2006,4.25
6/25/2006,4.25
6/26/2006,4.25
6/27/2006,4.25
6/28/2006,4.25
6/29/2006,4.25
6/30/2006,4.25
7/1/2006,4.25
7/2/2006,4.25
7/3/2006,4.25
7/4/2006,4.25
7/5/2006,4.25
7/6/2006,4.25
7/7/2006,4.25
7/8/2006,4.25
7/9/2006,4.25
7/10/2006,4.25
7/11/2006,4.25
7/12/2006,4.25
7/13/2006,4.25
7/14/2006,4.25
7/15/2006,4.25
7/16/2006,4.25
7/17/2006,4.25
7/18/2006,4.25
7/19/2006,4.25
7/20/2006,4.25
7/21/2006,4.25
7/22/2006,4.25
7/23/2006,4.25
7/24/2006,4.25
7/25/2006,4.25
7/26/2006,4.25
7/27/2006,4.25
7/28/2006,4.25
7/29/2006,4.25
7/30/2006,4.25
7/31/2006,4.25
8/1/2006,4.25
8/2/2006,4.25
8/3/2006,4.25
8/4/2006,4.25
8/5/2006,4.25
8/6/2006,4.25
8/7/2006,4.25
8/8/2006,4.25
8/9/2006,4.25
8/10/2006,4.5
8/11/2006,4.5
8/12/2006,4.5
8/13/2006,4.5
8/14/2006,4.5
8/15/2006,4.5
8/16/2006,4.5
8/17/2006,4.5
8/18/2006,4.5
8/19/2006,4.5
8/20/2006,4.5
8/21/2006,4.5
8/22/2006,4.5
8/23/2006,4.5
8/24/2006,4.5
8/25/2006,4.5
8/26/2006,4.5
8/27/2006,4.5
8/28/2006,4.5
8/29/2006,4.5
8/30/2006,4.5
8/31/2006,4.5
9/1/2006,4.5
9/2/2006,4.5
9/3/2006,4.5
9/4/2006,4.5
9/5/2006,4.5
9/6/2006,4.5
9/7/2006,4.5
9/8/2006,4.5
9/9/2006,4.5
9/10/2006,4.5
9/11/2006,4.5
9/12/2006,4.5
9/13/2006,4.5
9/14/2006,4.5
9/15/2006,4.5
9/16/2006,4.5
9/17/2006,4.5
9/18/2006,4.5
9/19/2006,4.5
9/20/2006,4.5
9/21/2006,4.5
9/22/2006,4.5
9/23/2006,4.5
9/24/2006,4.5
9/25/2006,4.5
9/26/2006,4.5
9/27/2006,4.5
9/28/2006,4.5
9/29/2006,4.5
9/30/2006,4.5
10/1/2006,4.5
10/2/2006,4.5
10/3/2006,4.5
10/4/2006,4.5
10/5/2006,4.5
10/6/2006,4.5
10/7/2006,4.5
10/8/2006,4.5
10/9/2006,4.5
10/10/2006,4.5
10/11/2006,4.5
10/12/2006,4.5
10/13/2006,4.5
10/14/2006,4.5
10/15/2006,4.5
10/16/2006,4.5
10/17/2006,4.5
10/18/2006,4.5
10/19/2006,4.5
10/20/2006,4.5
10/21/2006,4.5
10/22/2006,4.5
10/23/2006,4.5
10/24/2006,4.5
10/25/2006,4.5
10/26/2006,4.5
10/27/2006,4.5
10/28/2006,4.5
10/29/2006,4.5
10/30/2006,4.5
10/31/2006,4.5
11/1/2006,4.5
11/2/2006,4.5
11/3/2006,4.5
11/4/2006,4.5
11/5/2006,4.5
11/6/2006,4.5
11/7/2006,4.5
11/8/2006,4.5
11/9/2006,4.5
11/10/2006,4.5
11/11/2006,4.5
11/12/2006,4.5
11/13/2006,4.5
11/14/2006,4.5
11/15/2006,4.5
11/16/2006,4.5
11/17/2006,4.5
11/18/2006,4.5
11/19/2006,4.5
11/20/2006,4.5
11/21/2006,4.5
11/22/2006,4.5
11/23/2006,4.5
11/24/2006,4.5
11/25/2006,4.5
11/26/2006,4.5
11/27/2006,4.5
11/28/2006,4.5
11/29/2006,4.5
11/30/2006,4.5
12/1/2006,4.5
12/2/2006,4.5
12/3/2006,4.5
12/4/2006,4.5
12/5/2006,4.5
12/6/2006,4.5
12/7/2006,4.5
12/8/2006,4.5
12/9/2006,4.5
12/10/2006,4.5
12/11/2006,4.5
12/12/2006,4.5
12/13/2006,4.5
12/14/2006,4.5
12/15/2006,4.5
12/16/2006,4.5
12/17/2006,4.5
12/18/2006,4.5
12/19/2006,4.5
12/20/2006,4.5
12/21/2006,4.5
12/22/2006,4.5
12/23/2006,4.5
12/24/2006,4.5
12/25/2006,4.5
12/26/2006,4.5
12/27/2006,4.5
12/28/2006,4.5
12/29/2006,4.5
12/30/2006,4.5
12/31/2006,4.5
1/1/2007,4.5
1/2/2007,4.5
1/3/2007,4.5
1/4/2007,4.5
1/5/2007,4.5
1/6/2007,4.5
1/7/2007,4.5
1/8/2007,4.5
1/9/2007,4.5
1/10/2007,4.5
1/11/2007,4.5
1/12/2007,4.5
1/13/2007,4.5
1/14/2007,4.5
1/15/2007,4.5
1/16/2007,4.5
1/17/2007,4.5
1/18/2007,4.5
1/19/2007,4.5
1/20/2007,4.5
1/21/2007,4.5
1/22/2007,4.5
1/23/2007,4.5
1/24/2007,4.5
1/25/2007,4.5
1/26/2007,4.5
1/27/2007,4.5
1/28/2007,4.5
1/29/2007,4.5
1/30/2007,4.5
1/31/2007,4.5
2/1/2007,4.5
2/2/2007,4.5
2/3/2007,4.5
2/4/2007,4.5
2/5/2007,4.5
2/6/2007,4.5
2/7/2007,4.5
2/8/2007,4.5
2/9/2007,4.5
2/10/2007,4.5
2/11/2007,4.5
2/12/2007,4.5
2/13/2007,4.5
2/14/2007,4.5
2/15/2007,4.5
2/16/2007,4.5
2/17/2007,4.5
2/18/2007,4.5
2/19/2007,4.5
2/20/2007,4.5
2/21/2007,4.5
2/22/2007,4.5
2/23/2007,4.5
2/24/2007,4.5
2/25/2007,4.5
2/26/2007,4.5
2/27/2007,4.5
2/28/2007,4.5
3/1/2007,4.5
3/2/2007,4.5
3/3/2007,4.5
3/4/2007,4.5
3/5/2007,4.5
3/6/2007,4.5
3/7/2007,4.5
3/8/2007,4.5
3/9/2007,4.5
3/10/2007,4.5
3/11/2007,4.5
3/12/2007,4.5
3/13/2007,4.5
3/14/2007,4.5
3/15/2007,4.5
3/16/2007,4.5
3/17/2007,4.5
3/18/2007,4.5
3/19/2007,4.5
3/20/2007,4.5
3/21/2007,4.5
3/22/2007,4.5
3/23/2007,4.5
3/24/2007,4.5
3/25/2007,4.5
3/26/2007,4.5
3/27/2007,4.5
3/28/2007,4.5
3/29/2007,4.5
3/30/2007,4.5
3/31/2007,4.5
4/1/2007,4.5
4/2/2007,4.5
4/3/2007,4.5
4/4/2007,4.5
4/5/2007,4.5
4/6/2007,4.5
4/7/2007,4.5
4/8/2007,4.5
4/9/2007,4.5
4/10/2007,4.5
4/11/2007,4.5
4/12/2007,4.5
4/13/2007,4.5
4/14/2007,4.5
4/15/2007,4.5
4/16/2007,4.5
4/17/2007,4.5
4/18/2007,4.5
4/19/2007,4.5
4/20/2007,4.5
4/21/2007,4.5
4/22/2007,4.5
4/23/2007,4.5
4/24/2007,4.5
4/25/2007,4.5
4/26/2007,4.5
4/27/2007,4.5
4/28/2007,4.5
4/29/2007,4.5
4/30/2007,4.5
5/1/2007,4.5
5/2/2007,4.5
5/3/2007,4.5
5/4/2007,4.5
5/5/2007,4.5
5/6/2007,4.5
5/7/2007,4.5
5/8/2007,4.5
5/9/2007,4.5
5/10/2007,4.5
5/11/2007,4.5
5/12/2007,4.5
5/13/2007,4.5
5/14/2007,4.5
5/15/2007,4.5
5/16/2007,4.5
5/17/2007,4.5
5/18/2007,4.5
5/19/2007,4.5
5/20/2007,4.5
5/21/2007,4.5
5/22/2007,4.5
5/23/2007,4.5
5/24/2007,4.5
5/25/2007,4.5
5/26/2007,4.5
5/27/2007,4.5
5/28/2007,4.5
5/29/2007,4.5
5/30/2007,4.5
5/31/2007,4.5
6/1/2007,4.5
6/2/2007,4.5
6/3/2007,4.5
6/4/2007,4.5
6/5/2007,4.5
6/6/2007,4.5
6/7/2007,4.5
6/8/2007,4.5
6/9/2007,4.5
6/10/2007,4.5
6/11/2007,4.5
6/12/2007,4.5
6/13/2007,4.5
6/14/2007,4.5
6/15/2007,4.5
6/16/2007,4.5
6/17/2007,4.5
6/18/2007,4.5
6/19/2007,4.5
6/20/2007,4.5
6/21/2007,4.5
6/22/2007,4.5
6/23/2007,4.5
6/24/2007,4.5
6/25/2007,4.5
6/26/2007,4.5
6/27/2007,4.5
6/28/2007,4.5
6/29/2007,4.5
6/30/2007,4.5
7/1/2007,4.5
7/2/2007,4.5
7/3/2007,4.5
7/4/2007,4.5
7/5/2007,4.5
7/6/2007,4.5
7/7/2007,4.5
7/8/2007,4.5
7/9/2007,4.5
7/10/2007,4.5
7/11/2007,4.5
7/12/2007,4.75
7/13/2007,4.75
7/14/2007,4.75
7/15/2007,4.75
7/16/2007,4.75
7/17/2007,4.75
7/18/2007,4.75
7/19/2007,4.75
7/20/2007,4.75
7/21/2007,4.75
7/22/2007,4.75
7/23/2007,4.75
7/24/2007,4.75
7/25/2007,4.75
7/26/2007,4.75
7/27/2007,4.75
7/28/2007,4.75
7/29/2007,4.75
7/30/2007,4.75
7/31/2007,4.75
8/1/2007,4.75
8/2/2007,4.75
8/3/2007,4.75
8/4/2007,4.75
8/5/2007,4.75
8/6/2007,4.75
8/7/2007,4.75
8/8/2007,4.75
8/9/2007,5
8/10/2007,5
8/11/2007,5
8/12/2007,5
8/13/2007,5
8/14/2007,5
8/15/2007,5
8/16/2007,5
8/17/2007,5
8/18/2007,5
8/19/2007,5
8/20/2007,5
8/21/2007,5
8/22/2007,5
8/23/2007,5
8/24/2007,5
8/25/2007,5
8/26/2007,5
8/27/2007,5
8/28/2007,5
8/29/2007,5
8/30/2007,5
8/31/2007,5
9/1/2007,5
9/2/2007,5
9/3/2007,5
9/4/2007,5
9/5/2007,5
9/6/2007,5
9/7/2007,5
9/8/2007,5
9/9/2007,5
9/10/2007,5
9/11/2007,5
9/12/2007,5
9/13/2007,5
9/14/2007,5
9/15/2007,5
9/16/2007,5
9/17/2007,5
9/18/2007,5
9/19/2007,5
9/20/2007,5
9/21/2007,5
9/22/2007,5
9/23/2007,5
9/24/2007,5
9/25/2007,5
9/26/2007,5
9/27/2007,5
9/28/2007,5
9/29/2007,5
9/30/2007,5
10/1/2007,5
10/2/2007,5
10/3/2007,5
10/4/2007,5
10/5/2007,5
10/6/2007,5
10/7/2007,5
10/8/2007,5
10/9/2007,5
10/10/2007,5
10/11/2007,5
10/12/2007,5
10/13/2007,5
10/14/2007,5
10/15/2007,5
10/16/2007,5
10/17/2007,5
10/18/2007,5
10/19/2007,5
10/20/2007,5
10/21/2007,5
10/22/2007,5
10/23/2007,5
10/24/2007,5
10/25/2007,5
10/26/2007,5
10/27/2007,5
10/28/2007,5
10/29/2007,5
10/30/2007,5
10/31/2007,5
11/1/2007,5
11/2/2007,5
11/3/2007,5
11/4/2007,5
11/5/2007,5
11/6/2007,5
11/7/2007,5
11/8/2007,5
11/9/2007,5
11/10/2007,5
11/11/2007,5
11/12/2007,5
11/13/2007,5
11/14/2007,5
11/15/2007,5
11/16/2007,5
11/17/2007,5
11/18/2007,5
11/19/2007,5
11/20/2007,5
11/21/2007,5
11/22/2007,5
11/23/2007,5
11/24/2007,5
11/25/2007,5
11/26/2007,5
11/27/2007,5
11/28/2007,5
11/29/2007,5
11/30/2007,5
12/1/2007,5
12/2/2007,5
12/3/2007,5
12/4/2007,5
12/5/2007,5
12/6/2007,5
12/7/2007,5
12/8/2007,5
12/9/2007,5
12/10/2007,5
12/11/2007,5
12/12/2007,5
12/13/2007,5
12/14/2007,5
12/15/2007,5
12/16/2007,5
12/17/2007,5
12/18/2007,5
12/19/2007,5
12/20/2007,5
12/21/2007,5
12/22/2007,5
12/23/2007,5
12/24/2007,5
12/25/2007,5
12/26/2007,5
12/27/2007,5
12/28/2007,5
12/29/2007,5
12/30/2007,5
12/31/2007,5
1/1/2008,5
1/2/2008,5
1/3/2008,5
1/4/2008,5
1/5/2008,5
1/6/2008,5
1/7/2008,5
1/8/2008,5
1/9/2008,5
1/10/2008,5
1/11/2008,5
1/12/2008,5
1/13/2008,5
1/14/2008,5
1/15/2008,5
1/16/2008,5
1/17/2008,5
1/18/2008,5
1/19/2008,5
1/20/2008,5
1/21/2008,5
1/22/2008,5
1/23/2008,5
1/24/2008,5
1/25/2008,5
1/26/2008,5
1/27/2008,5
1/28/2008,5
1/29/2008,5
1/30/2008,5
1/31/2008,5
2/1/2008,5
2/2/2008,5
2/3/2008,5
2/4/2008,5
2/5/2008,5
2/6/2008,5
2/7/2008,5
2/8/2008,5
2/9/2008,5
2/10/2008,5
2/11/2008,5
2/12/2008,5
2/13/2008,5
2/14/2008,5
2/15/2008,5
2/16/2008,5
2/17/2008,5
2/18/2008,5
2/19/2008,5
2/20/2008,5
2/21/2008,5
2/22/2008,5
2/23/2008,5
2/24/2008,5
2/25/2008,5
2/26/2008,5
2/27/2008,5
2/28/2008,5
2/29/2008,5
3/1/2008,5
3/2/2008,5
3/3/2008,5
3/4/2008,5
3/5/2008,5
3/6/2008,5
3/7/2008,5
3/8/2008,5
3/9/2008,5
3/10/2008,5
3/11/2008,5
3/12/2008,5
3/13/2008,5
3/14/2008,5
3/15/2008,5
3/16/2008,5
3/17/2008,5
3/18/2008,5
3/19/2008,5
3/20/2008,5
3/21/2008,5
3/22/2008,5
3/23/2008,5
3/24/2008,5
3/25/2008,5
3/26/2008,5
3/27/2008,5
3/28/2008,5
3/29/2008,5
3/30/2008,5
3/31/2008,5
4/1/2008,5
4/2/2008,5
4/3/2008,5
4/4/2008,5
4/5/2008,5
4/6/2008,5
4/7/2008,5
4/8/2008,5
4/9/2008,5
4/10/2008,5
4/11/2008,5
4/12/2008,5
4/13/2008,5
4/14/2008,5
4/15/2008,5
4/16/2008,5
4/17/2008,5
4/18/2008,5
4/19/2008,5
4/20/2008,5
4/21/2008,5
4/22/2008,5
4/23/2008,5
4/24/2008,5
4/25/2008,5
4/26/2008,5
4/27/2008,5
4/28/2008,5
4/29/2008,5
4/30/2008,5
5/1/2008,5
5/2/2008,5
5/3/2008,5
5/4/2008,5
5/5/2008,5
5/6/2008,5
5/7/2008,5
5/8/2008,5
5/9/2008,5
5/10/2008,5
5/11/2008,5
5/12/2008,5
5/13/2008,5
5/14/2008,5
5/15/2008,5
5/16/2008,5
5/17/2008,5
5/18/2008,5
5/19/2008,5
5/20/2008,5
5/21/2008,5
5/22/2008,5
5/23/2008,5
5/24/2008,5
5/25/2008,5
5/26/2008,5
5/27/2008,5
5/28/2008,5
5/29/2008,5
5/30/2008,5
5/31/2008,5
6/1/2008,5
6/2/2008,5
6/3/2008,5
6/4/2008,5
6/5/2008,5
6/6/2008,5
6/7/2008,5
6/8/2008,5
6/9/2008,5
6/10/2008,5
6/11/2008,5
6/12/2008,5
6/13/2008,5
6/14/2008,5
6/15/2008,5
6/16/2008,5
6/17/2008,5
6/18/2008,5
6/19/2008,5
6/20/2008,5
6/21/2008,5
6/22/2008,5
6/23/2008,5
6/24/2008,5
6/25/2008,5
6/26/2008,5
6/27/2008,5
6/28/2008,5
6/29/2008,5
6/30/2008,5
7/1/2008,5
7/2/2008,5
7/3/2008,5
7/4/2008,5
7/5/2008,5
7/6/2008,5
7/7/2008,5
7/8/2008,5
7/9/2008,5
7/10/2008,5
7/11/2008,5
7/12/2008,5
7/13/2008,5
7/14/2008,5
7/15/2008,5
7/16/2008,5
7/17/2008,5
7/18/2008,5
7/19/2008,5
7/20/2008,5
7/21/2008,5
7/22/2008,5
7/23/2008,5
7/24/2008,5
7/25/2008,5
7/26/2008,5
7/27/2008,5
7/28/2008,5
7/29/2008,5
7/30/2008,5
7/31/2008,5
8/1/2008,5
8/2/2008,5
8/3/2008,5
8/4/2008,5
8/5/2008,5
8/6/2008,5
8/7/2008,5.25
8/8/2008,5.25
8/9/2008,5.25
8/10/2008,5.25
8/11/2008,5.25
8/12/2008,5.25
8/13/2008,5.25
8/14/2008,5.25
8/15/2008,5.25
8/16/2008,5.25
8/17/2008,5.25
8/18/2008,5.25
8/19/2008,5.25
8/20/2008,5.25
8/21/2008,5.25
8/22/2008,5.25
8/23/2008,5.25
8/24/2008,5.25
8/25/2008,5.25
8/26/2008,5.25
8/27/2008,5.25
8/28/2008,5.25
8/29/2008,5.25
8/30/2008,5.25
8/31/2008,5.25
9/1/2008,5.25
9/2/2008,5.25
9/3/2008,5.25
9/4/2008,5.25
9/5/2008,5.25
9/6/2008,5.25
9/7/2008,5.25
9/8/2008,5.25
9/9/2008,5.25
9/10/2008,5.25
9/11/2008,5.25
9/12/2008,5.25
9/13/2008,5.25
9/14/2008,5.25
9/15/2008,5.25
9/16/2008,5.25
9/17/2008,5.25
9/18/2008,5.25
9/19/2008,5.25
9/20/2008,5.25
9/21/2008,5.25
9/22/2008,5.25
9/23/2008,5.25
9/24/2008,5.25
9/25/2008,5.25
9/26/2008,5.25
9/27/2008,5.25
9/28/2008,5.25
9/29/2008,5.25
9/30/2008,5.25
10/1/2008,5.25
10/2/2008,5.25
10/3/2008,5.25
10/4/2008,5.25
10/5/2008,5.25
10/6/2008,5.25
10/7/2008,5.25
10/8/2008,5.25
10/9/2008,5
10/10/2008,5
10/11/2008,5
10/12/2008,5
10/13/2008,5
10/14/2008,5
10/15/2008,5
10/16/2008,5
10/17/2008,5
10/18/2008,5
10/19/2008,5
10/20/2008,5
10/21/2008,5
10/22/2008,5
10/23/2008,5
10/24/2008,5
10/25/2008,5
10/26/2008,5
10/27/2008,4.25
10/28/2008,4.25
10/29/2008,4.25
10/30/2008,4.25
10/31/2008,4.25
11/1/2008,4.25
11/2/2008,4.25
11/3/2008,4.25
11/4/2008,4.25
11/5/2008,4.25
11/6/2008,4.25
11/7/2008,4
11/8/2008,4
11/9/2008,4
11/10/2008,4
11/11/2008,4
11/12/2008,4
11/13/2008,4
11/14/2008,4
11/15/2008,4
11/16/2008,4
11/17/2008,4
11/18/2008,4
11/19/2008,4
11/20/2008,4
11/21/2008,4
11/22/2008,4
11/23/2008,4
11/24/2008,4
11/25/2008,4
11/26/2008,4
11/27/2008,4
11/28/2008,4
11/29/2008,4
11/30/2008,4
12/1/2008,4
12/2/2008,4
12/3/2008,4
12/4/2008,4
12/5/2008,4
12/6/2008,4
12/7/2008,4
12/8/2008,4
12/9/2008,4
12/10/2008,4
12/11/2008,3
12/12/2008,3
12/13/2008,3
12/14/2008,3
12/15/2008,3
12/16/2008,3
12/17/2008,3
12/18/2008,3
12/19/2008,3
12/20/2008,3
12/21/2008,3
12/22/2008,3
12/23/2008,3
12/24/2008,3
12/25/2008,3
12/26/2008,3
12/27/2008,3
12/28/2008,3
12/29/2008,3
12/30/2008,3
12/31/2008,3
1/1/2009,3
1/2/2009,3
1/3/2009,3
1/4/2009,3
1/5/2009,3
1/6/2009,3
1/7/2009,3
1/8/2009,3
1/9/2009,2.5
1/10/2009,2.5
1/11/2009,2.5
1/12/2009,2.5
1/13/2009,2.5
1/14/2009,2.5
1/15/2009,2.5
1/16/2009,2.5
1/17/2009,2.5
1/18/2009,2.5
1/19/2009,2.5
1/20/2009,2.5
1/21/2009,2.5
1/22/2009,2.5
1/23/2009,2.5
1/24/2009,2.5
1/25/2009,2.5
1/26/2009,2.5
1/27/2009,2.5
1/28/2009,2.5
1/29/2009,2.5
1/30/2009,2.5
1/31/2009,2.5
2/1/2009,2.5
2/2/2009,2.5
2/3/2009,2.5
2/4/2009,2.5
2/5/2009,2.5
2/6/2009,2.5
2/7/2009,2.5
2/8/2009,2.5
2/9/2009,2.5
2/10/2009,2.5
2/11/2009,2.5
2/12/2009,2
2/13/2009,2
2/14/2009,2
2/15/2009,2
2/16/2009,2
2/17/2009,2
2/18/2009,2
2/19/2009,2
2/20/2009,2
2/21/2009,2
2/22/2009,2
2/23/2009,2
2/24/2009,2
2/25/2009,2
2/26/2009,2
2/27/2009,2
2/28/2009,2
3/1/2009,2
3/2/2009,2
3/3/2009,2
3/4/2009,2
3/5/2009,2
3/6/2009,2
3/7/2009,2
3/8/2009,2
3/9/2009,2
3/10/2009,2
3/11/2009,2
3/12/2009,2
3/13/2009,2
3/14/2009,2
3/15/2009,2
3/16/2009,2
3/17/2009,2
3/18/2009,2
3/19/2009,2
3/20/2009,2
3/21/2009,2
3/22/2009,2
3/23/2009,2
3/24/2009,2
3/25/2009,2
3/26/2009,2
3/27/2009,2
3/28/2009,2
3/29/2009,2
3/30/2009,2
3/31/2009,2
4/1/2009,2
4/2/2009,2
4/3/2009,2
4/4/2009,2
4/5/2009,2
4/6/2009,2
4/7/2009,2
4/8/2009,2
4/9/2009,2
4/10/2009,2
4/11/2009,2
4/12/2009,2
4/13/2009,2
4/14/2009,2
4/15/2009,2
4/16/2009,2
4/17/2009,2
4/18/2009,2
4/19/2009,2
4/20/2009,2
4/21/2009,2
4/22/2009,2
4/23/2009,2
4/24/2009,2
4/25/2009,2
4/26/2009,2
4/27/2009,2
4/28/2009,2
4/29/2009,2
4/30/2009,2
5/1/2009,2
5/2/2009,2
5/3/2009,2
5/4/2009,2
5/5/2009,2
5/6/2009,2
5/7/2009,2
5/8/2009,2
5/9/2009,2
5/10/2009,2
5/11/2009,2
5/12/2009,2
5/13/2009,2
5/14/2009,2
5/15/2009,2
5/16/2009,2
5/17/2009,2
5/18/2009,2
5/19/2009,2
5/20/2009,2
5/21/2009,2
5/22/2009,2
5/23/2009,2
5/24/2009,2
5/25/2009,2
5/26/2009,2
5/27/2009,2
5/28/2009,2
5/29/2009,2
5/30/2009,2
5/31/2009,2
6/1/2009,2
6/2/2009,2
6/3/2009,2
6/4/2009,2
6/5/2009,2
6/6/2009,2
6/7/2009,2
6/8/2009,2
6/9/2009,2
6/10/2009,2
6/11/2009,2
6/12/2009,2
6/13/2009,2
6/14/2009,2
6/15/2009,2
6/16/2009,2
6/17/2009,2
6/18/2009,2
6/19/2009,2
6/20/2009,2
6/21/2009,2
6/22/2009,2
6/23/2009,2
6/24/2009,2
6/25/2009,2
6/26/2009,2
6/27/2009,2
6/28/2009,2
6/29/2009,2
6/30/2009,2
7/1/2009,2
7/2/2009,2
7/3/2009,2
7/4/2009,2
7/5/2009,2
7/6/2009,2
7/7/2009,2
7/8/2009,2
7/9/2009,2
7/10/2009,2
7/11/2009,2
7/12/2009,2
7/13/2009,2
7/14/2009,2
7/15/2009,2
7/16/2009,2
7/17/2009,2
7/18/2009,2
7/19/2009,2
7/20/2009,2
7/21/2009,2
7/22/2009,2
7/23/2009,2
7/24/2009,2
7/25/2009,2
7/26/2009,2
7/27/2009,2
7/28/2009,2
7/29/2009,2
7/30/2009,2
7/31/2009,2
8/1/2009,2
8/2/2009,2
8/3/2009,2
8/4/2009,2
8/5/2009,2
8/6/2009,2
8/7/2009,2
8/8/2009,2
8/9/2009,2
8/10/2009,2
8/11/2009,2
8/12/2009,2
8/13/2009,2
8/14/2009,2
8/15/2009,2
8/16/2009,2
8/17/2009,2
8/18/2009,2
8/19/2009,2
8/20/2009,2
8/21/2009,2
8/22/2009,2
8/23/2009,2
8/24/2009,2
8/25/2009,2
8/26/2009,2
8/27/2009,2
8/28/2009,2
8/29/2009,2
8/30/2009,2
8/31/2009,2
9/1/2009,2
9/2/2009,2
9/3/2009,2
9/4/2009,2
9/5/2009,2
9/6/2009,2
9/7/2009,2
9/8/2009,2
9/9/2009,2
9/10/2009,2
9/11/2009,2
9/12/2009,2
9/13/2009,2
9/14/2009,2
9/15/2009,2
9/16/2009,2
9/17/2009,2
9/18/2009,2
9/19/2009,2
9/20/2009,2
9/21/2009,2
9/22/2009,2
9/23/2009,2
9/24/2009,2
9/25/2009,2
9/26/2009,2
9/27/2009,2
9/28/2009,2
9/29/2009,2
9/30/2009,2
10/1/2009,2
10/2/2009,2
10/3/2009,2
10/4/2009,2
10/5/2009,2
10/6/2009,2
10/7/2009,2
10/8/2009,2
10/9/2009,2
10/10/2009,2
10/11/2009,2
10/12/2009,2
10/13/2009,2
10/14/2009,2
10/15/2009,2
10/16/2009,2
10/17/2009,2
10/18/2009,2
10/19/2009,2
10/20/2009,2
10/21/2009,2
10/22/2009,2
10/23/2009,2
10/24/2009,2
10/25/2009,2
10/26/2009,2
10/27/2009,2
10/28/2009,2
10/29/2009,2
10/30/2009,2
10/31/2009,2
11/1/2009,2
11/2/2009,2
11/3/2009,2
11/4/2009,2
11/5/2009,2
11/6/2009,2
11/7/2009,2
11/8/2009,2
11/9/2009,2
11/10/2009,2
11/11/2009,2
11/12/2009,2
11/13/2009,2
11/14/2009,2
11/15/2009,2
11/16/2009,2
11/17/2009,2
11/18/2009,2
11/19/2009,2
11/20/2009,2
11/21/2009,2
11/22/2009,2
11/23/2009,2
11/24/2009,2
11/25/2009,2
11/26/2009,2
11/27/2009,2
11/28/2009,2
11/29/2009,2
11/30/2009,2
12/1/2009,2
12/2/2009,2
12/3/2009,2
12/4/2009,2
12/5/2009,2
12/6/2009,2
12/7/2009,2
12/8/2009,2
12/9/2009,2
12/10/2009,2
12/11/2009,2
12/12/2009,2
12/13/2009,2
12/14/2009,2
12/15/2009,2
12/16/2009,2
12/17/2009,2
12/18/2009,2
12/19/2009,2
12/20/2009,2
12/21/2009,2
12/22/2009,2
12/23/2009,2
12/24/2009,2
12/25/2009,2
12/26/2009,2
12/27/2009,2
12/28/2009,2
12/29/2009,2
12/30/2009,2
12/31/2009,2
1/1/2010,2
1/2/2010,2
1/3/2010,2
1/4/2010,2
1/5/2010,2
1/6/2010,2
1/7/2010,2
1/8/2010,2
1/9/2010,2
1/10/2010,2
1/11/2010,2
1/12/2010,2
1/13/2010,2
1/14/2010,2
1/15/2010,2
1/16/2010,2
1/17/2010,2
1/18/2010,2
1/19/2010,2
1/20/2010,2
1/21/2010,2
1/22/2010,2
1/23/2010,2
1/24/2010,2
1/25/2010,2
1/26/2010,2
1/27/2010,2
1/28/2010,2
1/29/2010,2
1/30/2010,2
1/31/2010,2
2/1/2010,2
2/2/2010,2
2/3/2010,2
2/4/2010,2
2/5/2010,2
2/6/2010,2
2/7/2010,2
2/8/2010,2
2/9/2010,2
2/10/2010,2
2/11/2010,2
2/12/2010,2
2/13/2010,2
2/14/2010,2
2/15/2010,2
2/16/2010,2
2/17/2010,2
2/18/2010,2
2/19/2010,2
2/20/2010,2
2/21/2010,2
2/22/2010,2
2/23/2010,2
2/24/2010,2
2/25/2010,2
2/26/2010,2
2/27/2010,2
2/28/2010,2
3/1/2010,2
3/2/2010,2
3/3/2010,2
3/4/2010,2
3/5/2010,2
3/6/2010,2
3/7/2010,2
3/8/2010,2
3/9/2010,2
3/10/2010,2
3/11/2010,2
3/12/2010,2
3/13/2010,2
3/14/2010,2
3/15/2010,2
3/16/2010,2
3/17/2010,2
3/18/2010,2
3/19/2010,2
3/20/2010,2
3/21/2010,2
3/22/2010,2
3/23/2010,2
3/24/2010,2
3/25/2010,2
3/26/2010,2
3/27/2010,2
3/28/2010,2
3/29/2010,2
3/30/2010,2
3/31/2010,2
4/1/2010,2
4/2/2010,2
4/3/2010,2
4/4/2010,2
4/5/2010,2
4/6/2010,2
4/7/2010,2
4/8/2010,2
4/9/2010,2
4/10/2010,2
4/11/2010,2
4/12/2010,2
4/13/2010,2
4/14/2010,2
4/15/2010,2
4/16/2010,2
4/17/2010,2
4/18/2010,2
4/19/2010,2
4/20/2010,2
4/21/2010,2
4/22/2010,2
4/23/2010,2
4/24/2010,2
4/25/2010,2
4/26/2010,2
4/27/2010,2
4/28/2010,2
4/29/2010,2
4/30/2010,2
5/1/2010,2
5/2/2010,2
5/3/2010,2
5/4/2010,2
5/5/2010,2
5/6/2010,2
5/7/2010,2
5/8/2010,2
5/9/2010,2
5/10/2010,2
5/11/2010,2
5/12/2010,2
5/13/2010,2
5/14/2010,2
5/15/2010,2
5/16/2010,2
5/17/2010,2
5/18/2010,2
5/19/2010,2
5/20/2010,2
5/21/2010,2
5/22/2010,2
5/23/2010,2
5/24/2010,2
5/25/2010,2
5/26/2010,2
5/27/2010,2
5/28/2010,2
5/29/2010,2
5/30/2010,2
5/31/2010,2
6/1/2010,2
6/2/2010,2
6/3/2010,2
6/4/2010,2
6/5/2010,2
6/6/2010,2
6/7/2010,2
6/8/2010,2
6/9/2010,2
6/10/2010,2
6/11/2010,2
6/12/2010,2
6/13/2010,2
6/14/2010,2
6/15/2010,2
6/16/2010,2
6/17/2010,2
6/18/2010,2
6/19/2010,2
6/20/2010,2
6/21/2010,2
6/22/2010,2
6/23/2010,2
6/24/2010,2
6/25/2010,2
6/26/2010,2
6/27/2010,2
6/28/2010,2
6/29/2010,2
6/30/2010,2
7/1/2010,2
7/2/2010,2
7/3/2010,2
7/4/2010,2
7/5/2010,2
7/6/2010,2
7/7/2010,2
7/8/2010,2
7/9/2010,2.25
7/10/2010,2.25
7/11/2010,2.25
7/12/2010,2.25
7/13/2010,2.25
7/14/2010,2.25
7/15/2010,2.25
7/16/2010,2.25
7/17/2010,2.25
7/18/2010,2.25
7/19/2010,2.25
7/20/2010,2.25
7/21/2010,2.25
7/22/2010,2.25
7/23/2010,2.25
7/24/2010,2.25
7/25/2010,2.25
7/26/2010,2.25
7/27/2010,2.25
7/28/2010,2.25
7/29/2010,2.25
7/30/2010,2.25
7/31/2010,2.25
8/1/2010,2.25
8/2/2010,2.25
8/3/2010,2.25
8/4/2010,2.25
8/5/2010,2.25
8/6/2010,2.25
8/7/2010,2.25
8/8/2010,2.25
8/9/2010,2.25
8/10/2010,2.25
8/11/2010,2.25
8/12/2010,2.25
8/13/2010,2.25
8/14/2010,2.25
8/15/2010,2.25
8/16/2010,2.25
8/17/2010,2.25
8/18/2010,2.25
8/19/2010,2.25
8/20/2010,2.25
8/21/2010,2.25
8/22/2010,2.25
8/23/2010,2.25
8/24/2010,2.25
8/25/2010,2.25
8/26/2010,2.25
8/27/2010,2.25
8/28/2010,2.25
8/29/2010,2.25
8/30/2010,2.25
8/31/2010,2.25
9/1/2010,2.25
9/2/2010,2.25
9/3/2010,2.25
9/4/2010,2.25
9/5/2010,2.25
9/6/2010,2.25
9/7/2010,2.25
9/8/2010,2.25
9/9/2010,2.25
9/10/2010,2.25
9/11/2010,2.25
9/12/2010,2.25
9/13/2010,2.25
9/14/2010,2.25
9/15/2010,2.25
9/16/2010,2.25
9/17/2010,2.25
9/18/2010,2.25
9/19/2010,2.25
9/20/2010,2.25
9/21/2010,2.25
9/22/2010,2.25
9/23/2010,2.25
9/24/2010,2.25
9/25/2010,2.25
9/26/2010,2.25
9/27/2010,2.25
9/28/2010,2.25
9/29/2010,2.25
9/30/2010,2.25
10/1/2010,2.25
10/2/2010,2.25
10/3/2010,2.25
10/4/2010,2.25
10/5/2010,2.25
10/6/2010,2.25
10/7/2010,2.25
10/8/2010,2.25
10/9/2010,2.25
10/10/2010,2.25
10/11/2010,2.25
10/12/2010,2.25
10/13/2010,2.25
10/14/2010,2.25
10/15/2010,2.25
10/16/2010,2.25
10/17/2010,2.25
10/18/2010,2.25
10/19/2010,2.25
10/20/2010,2.25
10/21/2010,2.25
10/22/2010,2.25
10/23/2010,2.25
10/24/2010,2.25
10/25/2010,2.25
10/26/2010,2.25
10/27/2010,2.25
10/28/2010,2.25
10/29/2010,2.25
10/30/2010,2.25
10/31/2010,2.25
11/1/2010,2.25
11/2/2010,2.25
11/3/2010,2.25
11/4/2010,2.25
11/5/2010,2.25
11/6/2010,2.25
11/7/2010,2.25
11/8/2010,2.25
11/9/2010,2.25
11/10/2010,2.25
11/11/2010,2.25
11/12/2010,2.25
11/13/2010,2.25
11/14/2010,2.25
11/15/2010,2.25
11/16/2010,2.5
11/17/2010,2.5
11/18/2010,2.5
11/19/2010,2.5
11/20/2010,2.5
11/21/2010,2.5
11/22/2010,2.5
11/23/2010,2.5
11/24/2010,2.5
11/25/2010,2.5
11/26/2010,2.5
11/27/2010,2.5
11/28/2010,2.5
11/29/2010,2.5
11/30/2010,2.5
12/1/2010,2.5
12/2/2010,2.5
12/3/2010,2.5
12/4/2010,2.5
12/5/2010,2.5
12/6/2010,2.5
12/7/2010,2.5
12/8/2010,2.5
12/9/2010,2.5
12/10/2010,2.5
12/11/2010,2.5
12/12/2010,2.5
12/13/2010,2.5
12/14/2010,2.5
12/15/2010,2.5
12/16/2010,2.5
12/17/2010,2.5
12/18/2010,2.5
12/19/2010,2.5
12/20/2010,2.5
12/21/2010,2.5
12/22/2010,2.5
12/23/2010,2.5
12/24/2010,2.5
12/25/2010,2.5
12/26/2010,2.5
12/27/2010,2.5
12/28/2010,2.5
12/29/2010,2.5
12/30/2010,2.5
12/31/2010,2.5
1/1/2011,2.5
1/2/2011,2.5
1/3/2011,2.5
1/4/2011,2.5
1/5/2011,2.5
1/6/2011,2.5
1/7/2011,2.5
1/8/2011,2.5
1/9/2011,2.5
1/10/2011,2.5
1/11/2011,2.5
1/12/2011,2.5
1/13/2011,2.75
1/14/2011,2.75
1/15/2011,2.75
1/16/2011,2.75
1/17/2011,2.75
1/18/2011,2.75
1/19/2011,2.75
1/20/2011,2.75
1/21/2011,2.75
1/22/2011,2.75
1/23/2011,2.75
1/24/2011,2.75
1/25/2011,2.75
1/26/2011,2.75
1/27/2011,2.75
1/28/2011,2.75
1/29/2011,2.75
1/30/2011,2.75
1/31/2011,2.75
2/1/2011,2.75
2/2/2011,2.75
2/3/2011,2.75
2/4/2011,2.75
2/5/2011,2.75
2/6/2011,2.75
2/7/2011,2.75
2/8/2011,2.75
2/9/2011,2.75
2/10/2011,2.75
2/11/2011,2.75
2/12/2011,2.75
2/13/2011,2.75
2/14/2011,2.75
2/15/2011,2.75
2/16/2011,2.75
2/17/2011,2.75
2/18/2011,2.75
2/19/2011,2.75
2/20/2011,2.75
2/21/2011,2.75
2/22/2011,2.75
2/23/2011,2.75
2/24/2011,2.75
2/25/2011,2.75
2/26/2011,2.75
2/27/2011,2.75
2/28/2011,2.75
3/1/2011,2.75
3/2/2011,2.75
3/3/2011,2.75
3/4/2011,2.75
3/5/2011,2.75
3/6/2011,2.75
3/7/2011,2.75
3/8/2011,2.75
3/9/2011,2.75
3/10/2011,3
3/11/2011,3
3/12/2011,3
3/13/2011,3
3/14/2011,3
3/15/2011,3
3/16/2011,3
3/17/2011,3
3/18/2011,3
3/19/2011,3
3/20/2011,3
3/21/2011,3
3/22/2011,3
3/23/2011,3
3/24/2011,3
3/25/2011,3
3/26/2011,3
3/27/2011,3
3/28/2011,3
3/29/2011,3
3/30/2011,3
3/31/2011,3
4/1/2011,3
4/2/2011,3
4/3/2011,3
4/4/2011,3
4/5/2011,3
4/6/2011,3
4/7/2011,3
4/8/2011,3
4/9/2011,3
4/10/2011,3
4/11/2011,3
4/12/2011,3
4/13/2011,3
4/14/2011,3
4/15/2011,3
4/16/2011,3
4/17/2011,3
4/18/2011,3
4/19/2011,3
4/20/2011,3
4/21/2011,3
4/22/2011,3
4/23/2011,3
4/24/2011,3
4/25/2011,3
4/26/2011,3
4/27/2011,3
4/28/2011,3
4/29/2011,3
4/30/2011,3
5/1/2011,3
5/2/2011,3
5/3/2011,3
5/4/2011,3
5/5/2011,3
5/6/2011,3
5/7/2011,3
5/8/2011,3
5/9/2011,3
5/10/2011,3
5/11/2011,3
5/12/2011,3
5/13/2011,3
5/14/2011,3
5/15/2011,3
5/16/2011,3
5/17/2011,3
5/18/2011,3
5/19/2011,3
5/20/2011,3
5/21/2011,3
5/22/2011,3
5/23/2011,3
5/24/2011,3
5/25/2011,3
5/26/2011,3
5/27/2011,3
5/28/2011,3
5/29/2011,3
5/30/2011,3
5/31/2011,3
6/1/2011,3
6/2/2011,3
6/3/2011,3
6/4/2011,3
6/5/2011,3
6/6/2011,3
6/7/2011,3
6/8/2011,3
6/9/2011,3
6/10/2011,3.25
6/11/2011,3.25
6/12/2011,3.25
6/13/2011,3.25
6/14/2011,3.25
6/15/2011,3.25
6/16/2011,3.25
6/17/2011,3.25
6/18/2011,3.25
6/19/2011,3.25
6/20/2011,3.25
6/21/2011,3.25
6/22/2011,3.25
6/23/2011,3.25
6/24/2011,3.25
6/25/2011,3.25
6/26/2011,3.25
6/27/2011,3.25
6/28/2011,3.25
6/29/2011,3.25
6/30/2011,3.25
7/1/2011,3.25
7/2/2011,3.25
7/3/2011,3.25
7/4/2011,3.25
7/5/2011,3.25
7/6/2011,3.25
7/7/2011,3.25
7/8/2011,3.25
7/9/2011,3.25
7/10/2011,3.25
7/11/2011,3.25
7/12/2011,3.25
7/13/2011,3.25
7/14/2011,3.25
7/15/2011,3.25
7/16/2011,3.25
7/17/2011,3.25
7/18/2011,3.25
7/19/2011,3.25
7/20/2011,3.25
7/21/2011,3.25
7/22/2011,3.25
7/23/2011,3.25
7/24/2011,3.25
7/25/2011,3.25
7/26/2011,3.25
7/27/2011,3.25
7/28/2011,3.25
7/29/2011,3.25
7/30/2011,3.25
7/31/2011,3.25
8/1/2011,3.25
8/2/2011,3.25
8/3/2011,3.25
8/4/2011,3.25
8/5/2011,3.25
8/6/2011,3.25
8/7/2011,3.25
8/8/2011,3.25
8/9/2011,3.25
8/10/2011,3.25
8/11/2011,3.25
8/12/2011,3.25
8/13/2011,3.25
8/14/2011,3.25
8/15/2011,3.25
8/16/2011,3.25
8/17/2011,3.25
8/18/2011,3.25
8/19/2011,3.25
8/20/2011,3.25
8/21/2011,3.25
8/22/2011,3.25
8/23/2011,3.25
8/24/2011,3.25
8/25/2011,3.25
8/26/2011,3.25
8/27/2011,3.25
8/28/2011,3.25
8/29/2011,3.25
8/30/2011,3.25
8/31/2011,3.25
9/1/2011,3.25
9/2/2011,3.25
9/3/2011,3.25
9/4/2011,3.25
9/5/2011,3.25
9/6/2011,3.25
9/7/2011,3.25
9/8/2011,3.25
9/9/2011,3.25
9/10/2011,3.25
9/11/2011,3.25
9/12/2011,3.25
9/13/2011,3.25
9/14/2011,3.25
9/15/2011,3.25
9/16/2011,3.25
9/17/2011,3.25
9/18/2011,3.25
9/19/2011,3.25
9/20/2011,3.25
9/21/2011,3.25
9/22/2011,3.25
9/23/2011,3.25
9/24/2011,3.25
9/25/2011,3.25
9/26/2011,3.25
9/27/2011,3.25
9/28/2011,3.25
9/29/2011,3.25
9/30/2011,3.25
10/1/2011,3.25
10/2/2011,3.25
10/3/2011,3.25
10/4/2011,3.25
10/5/2011,3.25
10/6/2011,3.25
10/7/2011,3.25
10/8/2011,3.25
10/9/2011,3.25
10/10/2011,3.25
10/11/2011,3.25
10/12/2011,3.25
10/13/2011,3.25
10/14/2011,3.25
10/15/2011,3.25
10/16/2011,3.25
10/17/2011,3.25
10/18/2011,3.25
10/19/2011,3.25
10/20/2011,3.25
10/21/2011,3.25
10/22/2011,3.25
10/23/2011,3.25
10/24/2011,3.25
10/25/2011,3.25
10/26/2011,3.25
10/27/2011,3.25
10/28/2011,3.25
10/29/2011,3.25
10/30/2011,3.25
10/31/2011,3.25
11/1/2011,3.25
11/2/2011,3.25
11/3/2011,3.25
11/4/2011,3.25
11/5/2011,3.25
11/6/2011,3.25
11/7/2011,3.25
11/8/2011,3.25
11/9/2011,3.25
11/10/2011,3.25
11/11/2011,3.25
11/12/2011,3.25
11/13/2011,3.25
11/14/2011,3.25
11/15/2011,3.25
11/16/2011,3.25
11/17/2011,3.25
11/18/2011,3.25
11/19/2011,3.25
11/20/2011,3.25
11/21/2011,3.25
11/22/2011,3.25
11/23/2011,3.25
11/24/2011,3.25
11/25/2011,3.25
11/26/2011,3.25
11/27/2011,3.25
11/28/2011,3.25
11/29/2011,3.25
11/30/2011,3.25
12/1/2011,3.25
12/2/2011,3.25
12/3/2011,3.25
12/4/2011,3.25
12/5/2011,3.25
12/6/2011,3.25
12/7/2011,3.25
12/8/2011,3.25
12/9/2011,3.25
12/10/2011,3.25
12/11/2011,3.25
12/12/2011,3.25
12/13/2011,3.25
12/14/2011,3.25
12/15/2011,3.25
12/16/2011,3.25
12/17/2011,3.25
12/18/2011,3.25
12/19/2011,3.25
12/20/2011,3.25
12/21/2011,3.25
12/22/2011,3.25
12/23/2011,3.25
12/24/2011,3.25
12/25/2011,3.25
12/26/2011,3.25
12/27/2011,3.25
12/28/2011,3.25
12/29/2011,3.25
12/30/2011,3.25
12/31/2011,3.25
1/1/2012,3.25
1/2/2012,3.25
1/3/2012,3.25
1/4/2012,3.25
1/5/2012,3.25
1/6/2012,3.25
1/7/2012,3.25
1/8/2012,3.25
1/9/2012,3.25
1/10/2012,3.25
1/11/2012,3.25
1/12/2012,3.25
1/13/2012,3.25
1/14/2012,3.25
1/15/2012,3.25
1/16/2012,3.25
1/17/2012,3.25
1/18/2012,3.25
1/19/2012,3.25
1/20/2012,3.25
1/21/2012,3.25
1/22/2012,3.25
1/23/2012,3.25
1/24/2012,3.25
1/25/2012,3.25
1/26/2012,3.25
1/27/2012,3.25
1/28/2012,3.25
1/29/2012,3.25
1/30/2012,3.25
1/31/2012,3.25
2/1/2012,3.25
2/2/2012,3.25
2/3/2012,3.25
2/4/2012,3.25
2/5/2012,3.25
2/6/2012,3.25
2/7/2012,3.25
2/8/2012,3.25
2/9/2012,3.25
2/10/2012,3.25
2/11/2012,3.25
2/12/2012,3.25
2/13/2012,3.25
2/14/2012,3.25
2/15/2012,3.25
2/16/2012,3.25
2/17/2012,3.25
2/18/2012,3.25
2/19/2012,3.25
2/20/2012,3.25
2/21/2012,3.25
2/22/2012,3.25
2/23/2012,3.25
2/24/2012,3.25
2/25/2012,3.25
2/26/2012,3.25
2/27/2012,3.25
2/28/2012,3.25
2/29/2012,3.25
3/1/2012,3.25
3/2/2012,3.25
3/3/2012,3.25
3/4/2012,3.25
3/5/2012,3.25
3/6/2012,3.25
3/7/2012,3.25
3/8/2012,3.25
3/9/2012,3.25
3/10/2012,3.25
3/11/2012,3.25
3/12/2012,3.25
3/13/2012,3.25
3/14/2012,3.25
3/15/2012,3.25
3/16/2012,3.25
3/17/2012,3.25
3/18/2012,3.25
3/19/2012,3.25
3/20/2012,3.25
3/21/2012,3.25
3/22/2012,3.25
3/23/2012,3.25
3/24/2012,3.25
3/25/2012,3.25
3/26/2012,3.25
3/27/2012,3.25
3/28/2012,3.25
3/29/2012,3.25
3/30/2012,3.25
3/31/2012,3.25
4/1/2012,3.25
4/2/2012,3.25
4/3/2012,3.25
4/4/2012,3.25
4/5/2012,3.25
4/6/2012,3.25
4/7/2012,3.25
4/8/2012,3.25
4/9/2012,3.25
4/10/2012,3.25
4/11/2012,3.25
4/12/2012,3.25
4/13/2012,3.25
4/14/2012,3.25
4/15/2012,3.25
4/16/2012,3.25
4/17/2012,3.25
4/18/2012,3.25
4/19/2012,3.25
4/20/2012,3.25
4/21/2012,3.25
4/22/2012,3.25
4/23/2012,3.25
4/24/2012,3.25
4/25/2012,3.25
4/26/2012,3.25
4/27/2012,3.25
4/28/2012,3.25
4/29/2012,3.25
4/30/2012,3.25
5/1/2012,3.25
5/2/2012,3.25
5/3/2012,3.25
5/4/2012,3.25
5/5/2012,3.25
5/6/2012,3.25
5/7/2012,3.25
5/8/2012,3.25
5/9/2012,3.25
5/10/2012,3.25
5/11/2012,3.25
5/12/2012,3.25
5/13/2012,3.25
5/14/2012,3.25
5/15/2012,3.25
5/16/2012,3.25
5/17/2012,3.25
5/18/2012,3.25
5/19/2012,3.25
5/20/2012,3.25
5/21/2012,3.25
5/22/2012,3.25
5/23/2012,3.25
5/24/2012,3.25
5/25/2012,3.25
5/26/2012,3.25
5/27/2012,3.25
5/28/2012,3.25
5/29/2012,3.25
5/30/2012,3.25
5/31/2012,3.25
6/1/2012,3.25
6/2/2012,3.25
6/3/2012,3.25
6/4/2012,3.25
6/5/2012,3.25
6/6/2012,3.25
6/7/2012,3.25
6/8/2012,3.25
6/9/2012,3.25
6/10/2012,3.25
6/11/2012,3.25
6/12/2012,3.25
6/13/2012,3.25
6/14/2012,3.25
6/15/2012,3.25
6/16/2012,3.25
6/17/2012,3.25
6/18/2012,3.25
6/19/2012,3.25
6/20/2012,3.25
6/21/2012,3.25
6/22/2012,3.25
6/23/2012,3.25
6/24/2012,3.25
6/25/2012,3.25
6/26/2012,3.25
6/27/2012,3.25
6/28/2012,3.25
6/29/2012,3.25
6/30/2012,3.25
7/1/2012,3.25
7/2/2012,3.25
7/3/2012,3.25
7/4/2012,3.25
7/5/2012,3.25
7/6/2012,3.25
7/7/2012,3.25
7/8/2012,3.25
7/9/2012,3.25
7/10/2012,3.25
7/11/2012,3.25
7/12/2012,3
7/13/2012,3
7/14/2012,3
7/15/2012,3
7/16/2012,3
7/17/2012,3
7/18/2012,3
7/19/2012,3
7/20/2012,3
7/21/2012,3
7/22/2012,3
7/23/2012,3
7/24/2012,3
7/25/2012,3
7/26/2012,3
7/27/2012,3
7/28/2012,3
7/29/2012,3
7/30/2012,3
7/31/2012,3
8/1/2012,3
8/2/2012,3
8/3/2012,3
8/4/2012,3
8/5/2012,3
8/6/2012,3
8/7/2012,3
8/8/2012,3
8/9/2012,3
8/10/2012,3
8/11/2012,3
8/12/2012,3
8/13/2012,3
8/14/2012,3
8/15/2012,3
8/16/2012,3
8/17/2012,3
8/18/2012,3
8/19/2012,3
8/20/2012,3
8/21/2012,3
8/22/2012,3
8/23/2012,3
8/24/2012,3
8/25/2012,3
8/26/2012,3
8/27/2012,3
8/28/2012,3
8/29/2012,3
8/30/2012,3
8/31/2012,3
9/1/2012,3
9/2/2012,3
9/3/2012,3
9/4/2012,3
9/5/2012,3
9/6/2012,3
9/7/2012,3
9/8/2012,3
9/9/2012,3
9/10/2012,3
9/11/2012,3
9/12/2012,3
9/13/2012,3
9/14/2012,3
9/15/2012,3
9/16/2012,3
9/17/2012,3
9/18/2012,3
9/19/2012,3
9/20/2012,3
9/21/2012,3
9/22/2012,3
9/23/2012,3
9/24/2012,3
9/25/2012,3
9/26/2012,3
9/27/2012,3
9/28/2012,3
9/29/2012,3
9/30/2012,3
10/1/2012,3
10/2/2012,3
10/3/2012,3
10/4/2012,3
10/5/2012,3
10/6/2012,3
10/7/2012,3
10/8/2012,3
10/9/2012,3
10/10/2012,3
10/11/2012,2.75
10/12/2012,2.75
10/13/2012,2.75
10/14/2012,2.75
10/15/2012,2.75
10/16/2012,2.75
10/17/2012,2.75
10/18/2012,2.75
10/19/2012,2.75
10/20/2012,2.75
10/21/2012,2.75
10/22/2012,2.75
10/23/2012,2.75
10/24/2012,2.75
10/25/2012,2.75
10/26/2012,2.75
10/27/2012,2.75
10/28/2012,2.75
10/29/2012,2.75
10/30/2012,2.75
10/31/2012,2.75
11/1/2012,2.75
11/2/2012,2.75
11/3/2012,2.75
11/4/2012,2.75
11/5/2012,2.75
11/6/2012,2.75
11/7/2012,2.75
11/8/2012,2.75
11/9/2012,2.75
11/10/2012,2.75
11/11/2012,2.75
11/12/2012,2.75
11/13/2012,2.75
11/14/2012,2.75
11/15/2012,2.75
11/16/2012,2.75
11/17/2012,2.75
11/18/2012,2.75
11/19/2012,2.75
11/20/2012,2.75
11/21/2012,2.75
11/22/2012,2.75
11/23/2012,2.75
11/24/2012,2.75
11/25/2012,2.75
11/26/2012,2.75
11/27/2012,2.75
11/28/2012,2.75
11/29/2012,2.75
11/30/2012,2.75
12/1/2012,2.75
12/2/2012,2.75
12/3/2012,2.75
12/4/2012,2.75
12/5/2012,2.75
12/6/2012,2.75
12/7/2012,2.75
12/8/2012,2.75
12/9/2012,2.75
12/10/2012,2.75
12/11/2012,2.75
12/12/2012,2.75
12/13/2012,2.75
12/14/2012,2.75
12/15/2012,2.75
12/16/2012,2.75
12/17/2012,2.75
12/18/2012,2.75
12/19/2012,2.75
12/20/2012,2.75
12/21/2012,2.75
12/22/2012,2.75
12/23/2012,2.75
12/24/2012,2.75
12/25/2012,2.75
12/26/2012,2.75
12/27/2012,2.75
12/28/2012,2.75
12/29/2012,2.75
12/30/2012,2.75
12/31/2012,2.75
1/1/2013,2.75
1/2/2013,2.75
1/3/2013,2.75
1/4/2013,2.75
1/5/2013,2.75
1/6/2013,2.75
1/7/2013,2.75
1/8/2013,2.75
1/9/2013,2.75
1/10/2013,2.75
1/11/2013,2.75
1/12/2013,2.75
1/13/2013,2.75
1/14/2013,2.75
1/15/2013,2.75
1/16/2013,2.75
1/17/2013,2.75
1/18/2013,2.75
1/19/2013,2.75
1/20/2013,2.75
1/21/2013,2.75
1/22/2013,2.75
1/23/2013,2.75
1/24/2013,2.75
1/25/2013,2.75
1/26/2013,2.75
1/27/2013,2.75
1/28/2013,2.75
1/29/2013,2.75
1/30/2013,2.75
1/31/2013,2.75
2/1/2013,2.75
2/2/2013,2.75
2/3/2013,2.75
2/4/2013,2.75
2/5/2013,2.75
2/6/2013,2.75
2/7/2013,2.75
2/8/2013,2.75
2/9/2013,2.75
2/10/2013,2.75
2/11/2013,2.75
2/12/2013,2.75
2/13/2013,2.75
2/14/2013,2.75
2/15/2013,2.75
2/16/2013,2.75
2/17/2013,2.75
2/18/2013,2.75
2/19/2013,2.75
2/20/2013,2.75
2/21/2013,2.75
2/22/2013,2.75
2/23/2013,2.75
2/24/2013,2.75
2/25/2013,2.75
2/26/2013,2.75
2/27/2013,2.75
2/28/2013,2.75
3/1/2013,2.75
3/2/2013,2.75
3/3/2013,2.75
3/4/2013,2.75
3/5/2013,2.75
3/6/2013,2.75
3/7/2013,2.75
3/8/2013,2.75
3/9/2013,2.75
3/10/2013,2.75
3/11/2013,2.75
3/12/2013,2.75
3/13/2013,2.75
3/14/2013,2.75
3/15/2013,2.75
3/16/2013,2.75
3/17/2013,2.75
3/18/2013,2.75
3/19/2013,2.75
3/20/2013,2.75
3/21/2013,2.75
3/22/2013,2.75
3/23/2013,2.75
3/24/2013,2.75
3/25/2013,2.75
3/26/2013,2.75
3/27/2013,2.75
3/28/2013,2.75
3/29/2013,2.75
3/30/2013,2.75
3/31/2013,2.75
4/1/2013,2.75
4/2/2013,2.75
4/3/2013,2.75
4/4/2013,2.75
4/5/2013,2.75
4/6/2013,2.75
4/7/2013,2.75
4/8/2013,2.75
4/9/2013,2.75
4/10/2013,2.75
4/11/2013,2.75
4/12/2013,2.75
4/13/2013,2.75
4/14/2013,2.75
4/15/2013,2.75
4/16/2013,2.75
4/17/2013,2.75
4/18/2013,2.75
4/19/2013,2.75
4/20/2013,2.75
4/21/2013,2.75
4/22/2013,2.75
4/23/2013,2.75
4/24/2013,2.75
4/25/2013,2.75
4/26/2013,2.75
4/27/2013,2.75
4/28/2013,2.75
4/29/2013,2.75
4/30/2013,2.75
5/1/2013,2.75
5/2/2013,2.75
5/3/2013,2.75
5/4/2013,2.75
5/5/2013,2.75
5/6/2013,2.75
5/7/2013,2.75
5/8/2013,2.75
5/9/2013,2.5
5/10/2013,2.5
5/11/2013,2.5
5/12/2013,2.5
5/13/2013,2.5
5/14/2013,2.5
5/15/2013,2.5
5/16/2013,2.5
5/17/2013,2.5
5/18/2013,2.5
5/19/2013,2.5
5/20/2013,2.5
5/21/2013,2.5
5/22/2013,2.5
5/23/2013,2.5
5/24/2013,2.5
5/25/2013,2.5
5/26/2013,2.5
5/27/2013,2.5
5/28/2013,2.5
5/29/2013,2.5
5/30/2013,2.5
5/31/2013,2.5
6/1/2013,2.5
6/2/2013,2.5
6/3/2013,2.5
6/4/2013,2.5
6/5/2013,2.5
6/6/2013,2.5
6/7/2013,2.5
6/8/2013,2.5
6/9/2013,2.5
6/10/2013,2.5
6/11/2013,2.5
6/12/2013,2.5
6/13/2013,2.5
6/14/2013,2.5
6/15/2013,2.5
6/16/2013,2.5
6/17/2013,2.5
6/18/2013,2.5
6/19/2013,2.5
6/20/2013,2.5
6/21/2013,2.5
6/22/2013,2.5
6/23/2013,2.5
6/24/2013,2.5
6/25/2013,2.5
6/26/2013,2.5
6/27/2013,2.5
6/28/2013,2.5
6/29/2013,2.5
6/30/2013,2.5
7/1/2013,2.5
7/2/2013,2.5
7/3/2013,2.5
7/4/2013,2.5
7/5/2013,2.5
7/6/2013,2.5
7/7/2013,2.5
7/8/2013,2.5
7/9/2013,2.5
7/10/2013,2.5
7/11/2013,2.5
7/12/2013,2.5
7/13/2013,2.5
7/14/2013,2.5
7/15/2013,2.5
7/16/2013,2.5
7/17/2013,2.5
7/18/2013,2.5
7/19/2013,2.5
7/20/2013,2.5
7/21/2013,2.5
7/22/2013,2.5
7/23/2013,2.5
7/24/2013,2.5
7/25/2013,2.5
7/26/2013,2.5
7/27/2013,2.5
7/28/2013,2.5
7/29/2013,2.5
7/30/2013,2.5
7/31/2013,2.5
8/1/2013,2.5
8/2/2013,2.5
8/3/2013,2.5
8/4/2013,2.5
8/5/2013,2.5
8/6/2013,2.5
8/7/2013,2.5
8/8/2013,2.5
8/9/2013,2.5
8/10/2013,2.5
8/11/2013,2.5
8/12/2013,2.5
8/13/2013,2.5
8/14/2013,2.5
8/15/2013,2.5
8/16/2013,2.5
8/17/2013,2.5
8/18/2013,2.5
8/19/2013,2.5
8/20/2013,2.5
8/21/2013,2.5
8/22/2013,2.5
8/23/2013,2.5
8/24/2013,2.5
8/25/2013,2.5
8/26/2013,2.5
8/27/2013,2.5
8/28/2013,2.5
8/29/2013,2.5
8/30/2013,2.5
8/31/2013,2.5
9/1/2013,2.5
9/2/2013,2.5
9/3/2013,2.5
9/4/2013,2.5
9/5/2013,2.5
9/6/2013,2.5
9/7/2013,2.5
9/8/2013,2.5
9/9/2013,2.5
9/10/2013,2.5
9/11/2013,2.5
9/12/2013,2.5
9/13/2013,2.5
9/14/2013,2.5
9/15/2013,2.5
9/16/2013,2.5
9/17/2013,2.5
9/18/2013,2.5
9/19/2013,2.5
9/20/2013,2.5
9/21/2013,2.5
9/22/2013,2.5
9/23/2013,2.5
9/24/2013,2.5
9/25/2013,2.5
9/26/2013,2.5
9/27/2013,2.5
9/28/2013,2.5
9/29/2013,2.5
9/30/2013,2.5
10/1/2013,2.5
10/2/2013,2.5
10/3/2013,2.5
10/4/2013,2.5
10/5/2013,2.5
10/6/2013,2.5
10/7/2013,2.5
10/8/2013,2.5
10/9/2013,2.5
10/10/2013,2.5
10/11/2013,2.5
10/12/2013,2.5
10/13/2013,2.5
10/14/2013,2.5
10/15/2013,2.5
10/16/2013,2.5
10/17/2013,2.5
10/18/2013,2.5
10/19/2013,2.5
10/20/2013,2.5
10/21/2013,2.5
10/22/2013,2.5
10/23/2013,2.5
10/24/2013,2.5
10/25/2013,2.5
10/26/2013,2.5
10/27/2013,2.5
10/28/2013,2.5
10/29/2013,2.5
10/30/2013,2.5
10/31/2013,2.5
11/1/2013,2.5
11/2/2013,2.5
11/3/2013,2.5
11/4/2013,2.5
11/5/2013,2.5
11/6/2013,2.5
11/7/2013,2.5
11/8/2013,2.5
11/9/2013,2.5
11/10/2013,2.5
11/11/2013,2.5
11/12/2013,2.5
11/13/2013,2.5
11/14/2013,2.5
11/15/2013,2.5
11/16/2013,2.5
11/17/2013,2.5
11/18/2013,2.5
11/19/2013,2.5
11/20/2013,2.5
11/21/2013,2.5
11/22/2013,2.5
11/23/2013,2.5
11/24/2013,2.5
11/25/2013,2.5
11/26/2013,2.5
11/27/2013,2.5
11/28/2013,2.5
11/29/2013,2.5
11/30/2013,2.5
12/1/2013,2.5
12/2/2013,2.5
12/3/2013,2.5
12/4/2013,2.5
12/5/2013,2.5
12/6/2013,2.5
12/7/2013,2.5
12/8/2013,2.5
12/9/2013,2.5
12/10/2013,2.5
12/11/2013,2.5
12/12/2013,2.5
12/13/2013,2.5
12/14/2013,2.5
12/15/2013,2.5
12/16/2013,2.5
12/17/2013,2.5
12/18/2013,2.5
12/19/2013,2.5
12/20/2013,2.5
12/21/2013,2.5
12/22/2013,2.5
12/23/2013,2.5
12/24/2013,2.5
12/25/2013,2.5
12/26/2013,2.5
12/27/2013,2.5
12/28/2013,2.5
12/29/2013,2.5
12/30/2013,2.5
12/31/2013,2.5
1/1/2014,2.5
1/2/2014,2.5
1/3/2014,2.5
1/4/2014,2.5
1/5/2014,2.5
1/6/2014,2.5
1/7/2014,2.5
1/8/2014,2.5
1/9/2014,2.5
1/10/2014,2.5
1/11/2014,2.5
1/12/2014,2.5
1/13/2014,2.5
1/14/2014,2.5
1/15/2014,2.5
1/16/2014,2.5
1/17/2014,2.5
1/18/2014,2.5
1/19/2014,2.5
1/20/2014,2.5
1/21/2014,2.5
1/22/2014,2.5
1/23/2014,2.5
1/24/2014,2.5
1/25/2014,2.5
1/26/2014,2.5
1/27/2014,2.5
1/28/2014,2.5
1/29/2014,2.5
1/30/2014,2.5
1/31/2014,2.5
2/1/2014,2.5
2/2/2014,2.5
2/3/2014,2.5
2/4/2014,2.5
2/5/2014,2.5
2/6/2014,2.5
2/7/2014,2.5
2/8/2014,2.5
2/9/2014,2.5
2/10/2014,2.5
2/11/2014,2.5
2/12/2014,2.5
2/13/2014,2.5
2/14/2014,2.5
2/15/2014,2.5
2/16/2014,2.5
2/17/2014,2.5
2/18/2014,2.5
2/19/2014,2.5
2/20/2014,2.5
2/21/2014,2.5
2/22/2014,2.5
2/23/2014,2.5
2/24/2014,2.5
2/25/2014,2.5
2/26/2014,2.5
2/27/2014,2.5
2/28/2014,2.5
3/1/2014,2.5
3/2/2014,2.5
3/3/2014,2.5
3/4/2014,2.5
3/5/2014,2.5
3/6/2014,2.5
3/7/2014,2.5
3/8/2014,2.5
3/9/2014,2.5
3/10/2014,2.5
3/11/2014,2.5
3/12/2014,2.5
3/13/2014,2.5
3/14/2014,2.5
3/15/2014,2.5
3/16/2014,2.5
3/17/2014,2.5
3/18/2014,2.5
3/19/2014,2.5
3/20/2014,2.5
3/21/2014,2.5
3/22/2014,2.5
3/23/2014,2.5
3/24/2014,2.5
3/25/2014,2.5
3/26/2014,2.5
3/27/2014,2.5
3/28/2014,2.5
3/29/2014,2.5
3/30/2014,2.5
3/31/2014,2.5
4/1/2014,2.5
4/2/2014,2.5
4/3/2014,2.5
4/4/2014,2.5
4/5/2014,2.5
4/6/2014,2.5
4/7/2014,2.5
4/8/2014,2.5
4/9/2014,2.5
4/10/2014,2.5
4/11/2014,2.5
4/12/2014,2.5
4/13/2014,2.5
4/14/2014,2.5
4/15/2014,2.5
4/16/2014,2.5
4/17/2014,2.5
4/18/2014,2.5
4/19/2014,2.5
4/20/2014,2.5
4/21/2014,2.5
4/22/2014,2.5
4/23/2014,2.5
4/24/2014,2.5
4/25/2014,2.5
4/26/2014,2.5
4/27/2014,2.5
4/28/2014,2.5
4/29/2014,2.5
4/30/2014,2.5
5/1/2014,2.5
5/2/2014,2.5
5/3/2014,2.5
5/4/2014,2.5
5/5/2014,2.5
5/6/2014,2.5
5/7/2014,2.5
5/8/2014,2.5
5/9/2014,2.5
5/10/2014,2.5
5/11/2014,2.5
5/12/2014,2.5
5/13/2014,2.5
5/14/2014,2.5
5/15/2014,2.5
5/16/2014,2.5
5/17/2014,2.5
5/18/2014,2.5
5/19/2014,2.5
5/20/2014,2.5
5/21/2014,2.5
5/22/2014,2.5
5/23/2014,2.5
5/24/2014,2.5
5/25/2014,2.5
5/26/2014,2.5
5/27/2014,2.5
5/28/2014,2.5
5/29/2014,2.5
5/30/2014,2.5
5/31/2014,2.5
6/1/2014,2.5
6/2/2014,2.5
6/3/2014,2.5
6/4/2014,2.5
6/5/2014,2.5
6/6/2014,2.5
6/7/2014,2.5
6/8/2014,2.5
6/9/2014,2.5
6/10/2014,2.5
6/11/2014,2.5
6/12/2014,2.5
6/13/2014,2.5
6/14/2014,2.5
6/15/2014,2.5
6/16/2014,2.5
6/17/2014,2.5
6/18/2014,2.5
6/19/2014,2.5
6/20/2014,2.5
6/21/2014,2.5
6/22/2014,2.5
6/23/2014,2.5
6/24/2014,2.5
6/25/2014,2.5
6/26/2014,2.5
6/27/2014,2.5
6/28/2014,2.5
6/29/2014,2.5
6/30/2014,2.5
7/1/2014,2.5
7/2/2014,2.5
7/3/2014,2.5
7/4/2014,2.5
7/5/2014,2.5
7/6/2014,2.5
7/7/2014,2.5
7/8/2014,2.5
7/9/2014,2.5
7/10/2014,2.5
7/11/2014,2.5
7/12/2014,2.5
7/13/2014,2.5
7/14/2014,2.5
7/15/2014,2.5
7/16/2014,2.5
7/17/2014,2.5
7/18/2014,2.5
7/19/2014,2.5
7/20/2014,2.5
7/21/2014,2.5
7/22/2014,2.5
7/23/2014,2.5
7/24/2014,2.5
7/25/2014,2.5
7/26/2014,2.5
7/27/2014,2.5
7/28/2014,2.5
7/29/2014,2.5
7/30/2014,2.5
7/31/2014,2.5
8/1/2014,2.5
8/2/2014,2.5
8/3/2014,2.5
8/4/2014,2.5
8/5/2014,2.5
8/6/2014,2.5
8/7/2014,2.5
8/8/2014,2.5
8/9/2014,2.5
8/10/2014,2.5
8/11/2014,2.5
8/12/2014,2.5
8/13/2014,2.5
8/14/2014,2.25
8/15/2014,2.25
8/16/2014,2.25
8/17/2014,2.25
8/18/2014,2.25
8/19/2014,2.25
8/20/2014,2.25
8/21/2014,2.25
8/22/2014,2.25
8/23/2014,2.25
8/24/2014,2.25
8/25/2014,2.25
8/26/2014,2.25
8/27/2014,2.25
8/28/2014,2.25
8/29/2014,2.25
8/30/2014,2.25
8/31/2014,2.25
9/1/2014,2.25
9/2/2014,2.25
9/3/2014,2.25
9/4/2014,2.25
9/5/2014,2.25
9/6/2014,2.25
9/7/2014,2.25
9/8/2014,2.25
9/9/2014,2.25
9/10/2014,2.25
9/11/2014,2.25
9/12/2014,2.25
9/13/2014,2.25
9/14/2014,2.25
9/15/2014,2.25
9/16/2014,2.25
9/17/2014,2.25
9/18/2014,2.25
9/19/2014,2.25
9/20/2014,2.25
9/21/2014,2.25
9/22/2014,2.25
9/23/2014,2.25
9/24/2014,2.25
9/25/2014,2.25
9/26/2014,2.25
9/27/2014,2.25
9/28/2014,2.25
9/29/2014,2.25
9/30/2014,2.25
10/1/2014,2.25
10/2/2014,2.25
10/3/2014,2.25
10/4/2014,2.25
10/5/2014,2.25
10/6/2014,2.25
10/7/2014,2.25
10/8/2014,2.25
10/9/2014,2.25
10/10/2014,2.25
10/11/2014,2.25
10/12/2014,2.25
10/13/2014,2.25
10/14/2014,2.25
10/15/2014,2
10/16/2014,2
10/17/2014,2
10/18/2014,2
10/19/2014,2
10/20/2014,2
10/21/2014,2
10/22/2014,2
10/23/2014,2
10/24/2014,2
10/25/2014,2
10/26/2014,2
10/27/2014,2
10/28/2014,2
10/29/2014,2
10/30/2014,2
10/31/2014,2
11/1/2014,2
11/2/2014,2
11/3/2014,2
11/4/2014,2
11/5/2014,2
11/6/2014,2
11/7/2014,2
11/8/2014,2
11/9/2014,2
11/10/2014,2
11/11/2014,2
11/12/2014,2
11/13/2014,2
11/14/2014,2
11/15/2014,2
11/16/2014,2
11/17/2014,2
11/18/2014,2
11/19/2014,2
11/20/2014,2
11/21/2014,2
11/22/2014,2
11/23/2014,2
11/24/2014,2
11/25/2014,2
11/26/2014,2
11/27/2014,2
11/28/2014,2
11/29/2014,2
11/30/2014,2
12/1/2014,2
12/2/2014,2
12/3/2014,2
12/4/2014,2
12/5/2014,2
12/6/2014,2
12/7/2014,2
12/8/2014,2
12/9/2014,2
12/10/2014,2
12/11/2014,2
12/12/2014,2
12/13/2014,2
12/14/2014,2
12/15/2014,2
12/16/2014,2
12/17/2014,2
12/18/2014,2
12/19/2014,2
12/20/2014,2
12/21/2014,2
12/22/2014,2
12/23/2014,2
12/24/2014,2
12/25/2014,2
12/26/2014,2
12/27/2014,2
12/28/2014,2
12/29/2014,2
12/30/2014,2
12/31/2014,2
1/1/2015,2
1/2/2015,2
1/3/2015,2
1/4/2015,2
1/5/2015,2
1/6/2015,2
1/7/2015,2
1/8/2015,2
1/9/2015,2
1/10/2015,2
1/11/2015,2
1/12/2015,2
1/13/2015,2
1/14/2015,2
1/15/2015,2
1/16/2015,2
1/17/2015,2
1/18/2015,2
1/19/2015,2
1/20/2015,2
1/21/2015,2
1/22/2015,2
1/23/2015,2
1/24/2015,2
1/25/2015,2
1/26/2015,2
1/27/2015,2
1/28/2015,2
1/29/2015,2
1/30/2015,2
1/31/2015,2
2/1/2015,2
2/2/2015,2
2/3/2015,2
2/4/2015,2
2/5/2015,2
2/6/2015,2
2/7/2015,2
2/8/2015,2
2/9/2015,2
2/10/2015,2
2/11/2015,2
2/12/2015,2
2/13/2015,2
2/14/2015,2
2/15/2015,2
2/16/2015,2
2/17/2015,2
2/18/2015,2
2/19/2015,2
2/20/2015,2
2/21/2015,2
2/22/2015,2
2/23/2015,2
2/24/2015,2
2/25/2015,2
2/26/2015,2
2/27/2015,2
2/28/2015,2
3/1/2015,2
3/2/2015,2
3/3/2015,2
3/4/2015,2
3/5/2015,2
3/6/2015,2
3/7/2015,2
3/8/2015,2
3/9/2015,2
3/10/2015,2
3/11/2015,2
3/12/2015,1.75
3/13/2015,1.75
3/14/2015,1.75
3/15/2015,1.75
3/16/2015,1.75
3/17/2015,1.75
3/18/2015,1.75
3/19/2015,1.75
3/20/2015,1.75
3/21/2015,1.75
3/22/2015,1.75
3/23/2015,1.75
3/24/2015,1.75
3/25/2015,1.75
3/26/2015,1.75
3/27/2015,1.75
3/28/2015,1.75
3/29/2015,1.75
3/30/2015,1.75
3/31/2015,1.75
4/1/2015,1.75
4/2/2015,1.75
4/3/2015,1.75
4/4/2015,1.75
4/5/2015,1.75
4/6/2015,1.75
4/7/2015,1.75
4/8/2015,1.75
4/9/2015,1.75
4/10/2015,1.75
4/11/2015,1.75
4/12/2015,1.75
4/13/2015,1.75
4/14/2015,1.75
4/15/2015,1.75
4/16/2015,1.75
4/17/2015,1.75
4/18/2015,1.75
4/19/2015,1.75
4/20/2015,1.75
4/21/2015,1.75
4/22/2015,1.75
4/23/2015,1.75
4/24/2015,1.75
4/25/2015,1.75
4/26/2015,1.75
4/27/2015,1.75
4/28/2015,1.75
4/29/2015,1.75
4/30/2015,1.75
5/1/2015,1.75
5/2/2015,1.75
5/3/2015,1.75
5/4/2015,1.75
5/5/2015,1.75
5/6/2015,1.75
5/7/2015,1.75
5/8/2015,1.75
5/9/2015,1.75
5/10/2015,1.75
5/11/2015,1.75
5/12/2015,1.75
5/13/2015,1.75
5/14/2015,1.75
5/15/2015,1.75
5/16/2015,1.75
5/17/2015,1.75
5/18/2015,1.75
5/19/2015,1.75
5/20/2015,1.75
5/21/2015,1.75
5/22/2015,1.75
5/23/2015,1.75
5/24/2015,1.75
5/25/2015,1.75
5/26/2015,1.75
5/27/2015,1.75
5/28/2015,1.75
5/29/2015,1.75
5/30/2015,1.75
5/31/2015,1.75
6/1/2015,1.75
6/2/2015,1.75
6/3/2015,1.75
6/4/2015,1.75
6/5/2015,1.75
6/6/2015,1.75
6/7/2015,1.75
6/8/2015,1.75
6/9/2015,1.75
6/10/2015,1.75
6/11/2015,1.5
6/12/2015,1.5
6/13/2015,1.5
6/14/2015,1.5
6/15/2015,1.5
6/16/2015,1.5
6/17/2015,1.5
6/18/2015,1.5
6/19/2015,1.5
6/20/2015,1.5
6/21/2015,1.5
6/22/2015,1.5
6/23/2015,1.5
6/24/2015,1.5
6/25/2015,1.5
6/26/2015,1.5
6/27/2015,1.5
6/28/2015,1.5
6/29/2015,1.5
6/30/2015,1.5
7/1/2015,1.5
7/2/2015,1.5
7/3/2015,1.5
7/4/2015,1.5
7/5/2015,1.5
7/6/2015,1.5
7/7/2015,1.5
7/8/2015,1.5
7/9/2015,1.5
7/10/2015,1.5
7/11/2015,1.5
7/12/2015,1.5
7/13/2015,1.5
7/14/2015,1.5
7/15/2015,1.5
7/16/2015,1.5
7/17/2015,1.5
7/18/2015,1.5
7/19/2015,1.5
7/20/2015,1.5
7/21/2015,1.5
7/22/2015,1.5
7/23/2015,1.5
7/24/2015,1.5
7/25/2015,1.5
7/26/2015,1.5
7/27/2015,1.5
7/28/2015,1.5
7/29/2015,1.5
7/30/2015,1.5
7/31/2015,1.5
8/1/2015,1.5
8/2/2015,1.5
8/3/2015,1.5
8/4/2015,1.5
8/5/2015,1.5
8/6/2015,1.5
8/7/2015,1.5
8/8/2015,1.5
8/9/2015,1.5
8/10/2015,1.5
8/11/2015,1.5
8/12/2015,1.5
8/13/2015,1.5
8/14/2015,1.5
8/15/2015,1.5
8/16/2015,1.5
8/17/2015,1.5
8/18/2015,1.5
8/19/2015,1.5
8/20/2015,1.5
8/21/2015,1.5
8/22/2015,1.5
8/23/2015,1.5
8/24/2015,1.5
8/25/2015,1.5
8/26/2015,1.5
8/27/2015,1.5
8/28/2015,1.5
8/29/2015,1.5
8/30/2015,1.5
8/31/2015,1.5
9/1/2015,1.5
9/2/2015,1.5
9/3/2015,1.5
9/4/2015,1.5
9/5/2015,1.5
9/6/2015,1.5
9/7/2015,1.5
9/8/2015,1.5
9/9/2015,1.5
9/10/2015,1.5
9/11/2015,1.5
9/12/2015,1.5
9/13/2015,1.5
9/14/2015,1.5
9/15/2015,1.5
9/16/2015,1.5
9/17/2015,1.5
9/18/2015,1.5
9/19/2015,1.5
9/20/2015,1.5
9/21/2015,1.5
9/22/2015,1.5
9/23/2015,1.5
9/24/2015,1.5
9/25/2015,1.5
9/26/2015,1.5
9/27/2015,1.5
9/28/2015,1.5
9/29/2015,1.5
9/30/2015,1.5
10/1/2015,1.5
10/2/2015,1.5
10/3/2015,1.5
10/4/2015,1.5
10/5/2015,1.5
10/6/2015,1.5
10/7/2015,1.5
10/8/2015,1.5
10/9/2015,1.5
10/10/2015,1.5
10/11/2015,1.5
10/12/2015,1.5
10/13/2015,1.5
10/14/2015,1.5
10/15/2015,1.5
10/16/2015,1.5
10/17/2015,1.5
10/18/2015,1.5
10/19/2015,1.5
10/20/2015,1.5
10/21/2015,1.5
10/22/2015,1.5
10/23/2015,1.5
10/24/2015,1.5
10/25/2015,1.5
10/26/2015,1.5
10/27/2015,1.5
10/28/2015,1.5
10/29/2015,1.5
10/30/2015,1.5
10/31/2015,
11/1/2015,1.5
11/2/2015,1.5
11/3/2015,1.5
11/4/2015,1.5
11/5/2015,1.5
11/6/2015,1.5
11/7/2015,1.5
11/8/2015,1.5
11/9/2015,1.5
11/10/2015,1.5
11/11/2015,1.5
11/12/2015,1.5
11/13/2015,1.5
11/14/2015,1.5
11/15/2015,1.5
11/16/2015,1.5
11/17/2015,1.5
11/18/2015,1.5
11/19/2015,1.5
11/20/2015,1.5
11/21/2015,1.5
11/22/2015,1.5
11/23/2015,1.5
11/24/2015,1.5
11/25/2015,1.5
11/26/2015,1.5
11/27/2015,1.5
11/28/2015,1.5
11/29/2015,1.5
11/30/2015,1.5
12/1/2015,1.5
12/2/2015,1.5
12/3/2015,1.5
12/4/2015,1.5
12/5/2015,1.5
12/6/2015,1.5
12/7/2015,1.5
12/8/2015,1.5
12/9/2015,1.5
12/10/2015,1.5
12/11/2015,1.5
12/12/2015,1.5
12/13/2015,1.5
12/14/2015,1.5
12/15/2015,1.5
12/16/2015,1.5
12/17/2015,1.5
12/18/2015,1.5
12/19/2015,1.5
12/20/2015,1.5
12/21/2015,1.5
12/22/2015,1.5
12/23/2015,1.5
12/24/2015,1.5
12/25/2015,1.5
12/26/2015,1.5
12/27/2015,1.5
12/28/2015,1.5
12/29/2015,1.5
12/30/2015,1.5
12/31/2015,1.5
1/1/2016,1.5
1/2/2016,1.5
1/3/2016,1.5
1/4/2016,1.5
1/5/2016,1.5
1/6/2016,1.5
1/7/2016,1.5
1/8/2016,1.5
1/9/2016,1.5
1/10/2016,1.5
1/11/2016,1.5
1/12/2016,1.5
1/13/2016,1.5
1/14/2016,1.5
1/15/2016,1.5
1/16/2016,1.5
1/17/2016,1.5
1/18/2016,1.5
1/19/2016,1.5
1/20/2016,1.5
1/21/2016,1.5
1/22/2016,1.5
1/23/2016,1.5
1/24/2016,1.5
1/25/2016,1.5
1/26/2016,1.5
1/27/2016,1.5
1/28/2016,1.5
1/29/2016,1.5
1/30/2016,1.5
1/31/2016,1.5
2/1/2016,1.5
2/2/2016,1.5
2/3/2016,1.5
2/4/2016,1.5
2/5/2016,1.5
2/6/2016,1.5
2/7/2016,1.5
2/8/2016,1.5
2/9/2016,1.5
2/10/2016,1.5
2/11/2016,1.5
2/12/2016,1.5
2/13/2016,1.5
2/14/2016,1.5
2/15/2016,1.5
2/16/2016,1.5
2/17/2016,1.5
2/18/2016,1.5
2/19/2016,1.5
2/20/2016,1.5
2/21/2016,1.5
2/22/2016,1.5
2/23/2016,1.5
2/24/2016,1.5
2/25/2016,1.5
2/26/2016,1.5
2/27/2016,1.5
2/28/2016,1.5
2/29/2016,1.5
3/1/2016,1.5
3/2/2016,1.5
3/3/2016,1.5
3/4/2016,1.5
3/5/2016,1.5
3/6/2016,1.5
3/7/2016,1.5
3/8/2016,1.5
3/9/2016,1.5
3/10/2016,1.5
3/11/2016,1.5
3/12/2016,1.5
3/13/2016,1.5
3/14/2016,1.5
3/15/2016,1.5
3/16/2016,1.5
3/17/2016,1.5
3/18/2016,1.5
3/19/2016,1.5
3/20/2016,1.5
3/21/2016,1.5
3/22/2016,1.5
3/23/2016,1.5
3/24/2016,1.5
3/25/2016,1.5
3/26/2016,1.5
3/27/2016,1.5
3/28/2016,1.5
3/29/2016,1.5
3/30/2016,1.5
3/31/2016,1.5
4/1/2016,1.5
4/2/2016,1.5
4/3/2016,1.5
4/4/2016,1.5
4/5/2016,1.5
4/6/2016,1.5
4/7/2016,1.5
4/8/2016,1.5
4/9/2016,1.5
4/10/2016,1.5
4/11/2016,1.5
4/12/2016,1.5
4/13/2016,1.5
4/14/2016,1.5
4/15/2016,1.5
4/16/2016,1.5
4/17/2016,1.5
4/18/2016,1.5
4/19/2016,1.5
4/20/2016,1.5
4/21/2016,1.5
4/22/2016,1.5
4/23/2016,1.5
4/24/2016,1.5
4/25/2016,1.5
4/26/2016,1.5
4/27/2016,1.5
4/28/2016,1.5
4/29/2016,1.5
4/30/2016,1.5
5/1/2016,1.5
5/2/2016,1.5
5/3/2016,1.5
5/4/2016,1.5
5/5/2016,1.5
5/6/2016,1.5
5/7/2016,1.5
5/8/2016,1.5
5/9/2016,1.5
5/10/2016,1.5
5/11/2016,1.5
5/12/2016,1.5
5/13/2016,1.5
5/14/2016,1.5
5/15/2016,1.5
5/16/2016,1.5
5/17/2016,1.5
5/18/2016,1.5
5/19/2016,1.5
5/20/2016,1.5
5/21/2016,1.5
5/22/2016,1.5
5/23/2016,1.5
5/24/2016,1.5
5/25/2016,1.5
5/26/2016,1.5
5/27/2016,1.5
5/28/2016,1.5
5/29/2016,1.5
5/30/2016,1.5
5/31/2016,1.5
6/1/2016,1.5
6/2/2016,1.5
6/3/2016,1.5
6/4/2016,1.5
6/5/2016,1.5
6/6/2016,1.5
6/7/2016,1.5
6/8/2016,1.5
6/9/2016,1.25
6/10/2016,1.25
6/11/2016,1.25
6/12/2016,1.25
6/13/2016,1.25
6/14/2016,1.25
6/15/2016,1.25
6/16/2016,1.25
6/17/2016,1.25
6/18/2016,1.25
6/19/2016,1.25
6/20/2016,1.25
6/21/2016,1.25
6/22/2016,1.25
6/23/2016,1.25
6/24/2016,1.25
6/25/2016,1.25
6/26/2016,1.25
6/27/2016,1.25
6/28/2016,1.25
6/29/2016,1.25
6/30/2016,1.25
7/1/2016,1.25
7/2/2016,1.25
7/3/2016,1.25
7/4/2016,1.25
7/5/2016,1.25
7/6/2016,1.25
7/7/2016,1.25
7/8/2016,1.25
7/9/2016,1.25
7/10/2016,1.25
7/11/2016,1.25
7/12/2016,1.25
7/13/2016,1.25
7/14/2016,1.25
7/15/2016,1.25
7/16/2016,1.25
7/17/2016,1.25
7/18/2016,1.25
7/19/2016,1.25
7/20/2016,1.25
7/21/2016,1.25
7/22/2016,1.25
7/23/2016,1.25
7/24/2016,1.25
7/25/2016,1.25
7/26/2016,1.25
7/27/2016,1.25
7/28/2016,1.25
7/29/2016,1.25
7/30/2016,1.25
7/31/2016,1.25
8/1/2016,1.25
8/2/2016,1.25
8/3/2016,1.25
8/4/2016,1.25
8/5/2016,1.25
8/6/2016,1.25
8/7/2016,1.25
8/8/2016,1.25
8/9/2016,1.25
8/10/2016,1.25
8/11/2016,1.25
8/12/2016,1.25
8/13/2016,1.25
8/14/2016,1.25
8/15/2016,1.25
8/16/2016,1.25
8/17/2016,1.25
8/18/2016,1.25
8/19/2016,1.25
8/20/2016,1.25
8/21/2016,1.25
8/22/2016,1.25
8/23/2016,1.25
8/24/2016,1.25
8/25/2016,1.25
8/26/2016,1.25
8/27/2016,1.25
8/28/2016,1.25
8/29/2016,1.25
8/30/2016,1.25
8/31/2016,1.25
9/1/2016,1.25
9/2/2016,1.25
9/3/2016,1.25
9/4/2016,1.25
9/5/2016,1.25
9/6/2016,1.25
9/7/2016,1.25
9/8/2016,1.25
9/9/2016,1.25
9/10/2016,1.25
9/11/2016,1.25
9/12/2016,1.25
9/13/2016,1.25
9/14/2016,1.25
9/15/2016,1.25
9/16/2016,1.25
9/17/2016,1.25
9/18/2016,1.25
9/19/2016,1.25
9/20/2016,1.25
9/21/2016,1.25
9/22/2016,1.25
9/23/2016,1.25
9/24/2016,1.25
9/25/2016,1.25
9/26/2016,1.25
9/27/2016,1.25
9/28/2016,1.25
9/29/2016,1.25
9/30/2016,1.25
10/1/2016,1.25
10/2/2016,1.25
10/3/2016,1.25
10/4/2016,1.25
10/5/2016,1.25
10/6/2016,1.25
10/7/2016,1.25
10/8/2016,1.25
10/9/2016,1.25
10/10/2016,1.25
10/11/2016,1.25
10/12/2016,1.25
10/13/2016,1.25
10/14/2016,1.25
10/15/2016,1.25
10/16/2016,1.25
10/17/2016,1.25
10/18/2016,1.25
10/19/2016,1.25
10/20/2016,1.25
10/21/2016,1.25
10/22/2016,1.25
10/23/2016,1.25
10/24/2016,1.25
10/25/2016,1.25
10/26/2016,1.25
10/27/2016,1.25
10/28/2016,1.25
10/29/2016,1.25
10/30/2016,1.25
10/31/2016,1.25
11/1/2016,1.25
11/2/2016,1.25
11/3/2016,1.25
11/4/2016,1.25
11/5/2016,1.25
11/6/2016,1.25
11/7/2016,1.25
11/8/2016,1.25
11/9/2016,1.25
11/10/2016,1.25
11/11/2016,1.25
11/12/2016,1.25
11/13/2016,1.25
11/14/2016,1.25
11/15/2016,1.25
11/16/2016,1.25
11/17/2016,1.25
11/18/2016,1.25
11/19/2016,1.25
11/20/2016,1.25
11/21/2016,1.25
11/22/2016,1.25
11/23/2016,1.25
11/24/2016,1.25
11/25/2016,1.25
11/26/2016,1.25
11/27/2016,1.25
11/28/2016,1.25
11/29/2016,1.25
11/30/2016,1.25
12/1/2016,1.25
12/2/2016,1.25
12/3/2016,1.25
12/4/2016,1.25
12/5/2016,1.25
12/6/2016,1.25
12/7/2016,1.25
12/8/2016,1.25
12/9/2016,1.25
12/10/2016,1.25
12/11/2016,1.25
12/12/2016,1.25
12/13/2016,1.25
12/14/2016,1.25
12/15/2016,1.25
12/16/2016,1.25
12/17/2016,1.25
12/18/2016,1.25
12/19/2016,1.25
12/20/2016,1.25
12/21/2016,1.25
12/22/2016,1.25
12/23/2016,1.25
12/24/2016,1.25
12/25/2016,1.25
12/26/2016,1.25
12/27/2016,1.25
12/28/2016,1.25
12/29/2016,1.25
12/30/2016,1.25
12/31/2016,1.25
1/1/2017,1.25
1/2/2017,1.25
1/3/2017,1.25
1/4/2017,1.25
1/5/2017,1.25
1/6/2017,1.25
1/7/2017,1.25
1/8/2017,1.25
1/9/2017,1.25
1/10/2017,1.25
1/11/2017,1.25
1/12/2017,1.25
1/13/2017,1.25
1/14/2017,1.25
1/15/2017,1.25
1/16/2017,1.25
1/17/2017,1.25
1/18/2017,1.25
1/19/2017,1.25
1/20/2017,1.25
1/21/2017,1.25
1/22/2017,1.25
1/23/2017,1.25
1/24/2017,1.25
1/25/2017,1.25
1/26/2017,1.25
1/27/2017,1.25
1/28/2017,1.25
1/29/2017,1.25
1/30/2017,1.25
1/31/2017,1.25
2/1/2017,1.25
2/2/2017,1.25
2/3/2017,1.25
2/4/2017,1.25
2/5/2017,1.25
2/6/2017,1.25
2/7/2017,1.25
2/8/2017,1.25
2/9/2017,1.25
2/10/2017,1.25
2/11/2017,1.25
2/12/2017,1.25
2/13/2017,1.25
2/14/2017,1.25
2/15/2017,1.25
2/16/2017,1.25
2/17/2017,1.25
2/18/2017,1.25
2/19/2017,1.25
2/20/2017,1.25
2/21/2017,1.25
2/22/2017,1.25
2/23/2017,1.25
2/24/2017,1.25
2/25/2017,1.25
2/26/2017,1.25
2/27/2017,1.25
2/28/2017,1.25
3/1/2017,1.25
3/2/2017,1.25
3/3/2017,1.25
3/4/2017,1.25
3/5/2017,1.25
3/6/2017,1.25
3/7/2017,1.25
3/8/2017,1.25
3/9/2017,1.25
3/10/2017,1.25
3/11/2017,1.25
3/12/2017,1.25
3/13/2017,1.25
3/14/2017,1.25
3/15/2017,1.25
3/16/2017,1.25
3/17/2017,1.25
3/18/2017,1.25
3/19/2017,1.25
3/20/2017,1.25
3/21/2017,1.25
3/22/2017,1.25
3/23/2017,1.25
3/24/2017,1.25
3/25/2017,1.25
3/26/2017,1.25
3/27/2017,1.25
3/28/2017,1.25
3/29/2017,1.25
3/30/2017,1.25
3/31/2017,1.25
4/1/2017,1.25
4/2/2017,1.25
4/3/2017,1.25
4/4/2017,1.25
4/5/2017,1.25
4/6/2017,1.25
4/7/2017,1.25
4/8/2017,1.25
4/9/2017,1.25
4/10/2017,1.25
4/11/2017,1.25
4/12/2017,1.25
4/13/2017,1.25
4/14/2017,1.25
4/15/2017,1.25
4/16/2017,1.25
4/17/2017,1.25
4/18/2017,1.25
4/19/2017,1.25
4/20/2017,1.25
4/21/2017,1.25
4/22/2017,1.25
4/23/2017,1.25
4/24/2017,1.25
4/25/2017,1.25
4/26/2017,1.25
4/27/2017,1.25
4/28/2017,1.25
4/29/2017,1.25
4/30/2017,1.25
5/1/2017,1.25
5/2/2017,1.25
5/3/2017,1.25
5/4/2017,1.25
5/5/2017,1.25
5/6/2017,1.25
5/7/2017,1.25
5/8/2017,1.25
5/9/2017,1.25
5/10/2017,1.25
5/11/2017,1.25
5/12/2017,1.25
5/13/2017,1.25
5/14/2017,1.25
5/15/2017,1.25
5/16/2017,1.25
5/17/2017,1.25
5/18/2017,1.25
5/19/2017,1.25
5/20/2017,1.25
5/21/2017,1.25
5/22/2017,1.25
5/23/2017,1.25
5/24/2017,1.25
5/25/2017,1.25
5/26/2017,1.25
5/27/2017,1.25
5/28/2017,1.25
5/29/2017,1.25
5/30/2017,1.25
5/31/2017,1.25
6/1/2017,1.25
6/2/2017,1.25
6/3/2017,1.25
6/4/2017,1.25
6/5/2017,1.25
6/6/2017,1.25
6/7/2017,1.25
6/8/2017,1.25
6/9/2017,1.25
6/10/2017,1.25
6/11/2017,1.25
6/12/2017,1.25
6/13/2017,1.25
6/14/2017,1.25
6/15/2017,1.25
6/16/2017,1.25
6/17/2017,1.25
6/18/2017,1.25
6/19/2017,1.25
6/20/2017,1.25
6/21/2017,1.25
6/22/2017,1.25
6/23/2017,1.25
6/24/2017,1.25
6/25/2017,1.25
6/26/2017,1.25
6/27/2017,1.25
6/28/2017,1.25
6/29/2017,1.25
6/30/2017,1.25
7/1/2017,1.25
7/2/2017,1.25
7/3/2017,1.25
7/4/2017,1.25
7/5/2017,1.25
7/6/2017,1.25
7/7/2017,1.25
7/8/2017,1.25
7/9/2017,1.25
7/10/2017,1.25
7/11/2017,1.25
7/12/2017,1.25
7/13/2017,1.25
7/14/2017,1.25
7/15/2017,1.25
7/16/2017,1.25
7/17/2017,1.25
7/18/2017,1.25
7/19/2017,1.25
7/20/2017,1.25
7/21/2017,1.25
7/22/2017,1.25
7/23/2017,1.25
7/24/2017,1.25
7/25/2017,1.25
7/26/2017,1.25
7/27/2017,1.25
7/28/2017,1.25
7/29/2017,1.25
7/30/2017,1.25
7/31/2017,1.25
8/1/2017,1.25
8/2/2017,1.25
8/3/2017,1.25
8/4/2017,1.25
8/5/2017,1.25
8/6/2017,1.25
8/7/2017,1.25
8/8/2017,1.25
8/9/2017,1.25
8/10/2017,1.25
8/11/2017,1.25
8/12/2017,1.25
8/13/2017,1.25
8/14/2017,1.25
8/15/2017,1.25
8/16/2017,1.25
8/17/2017,1.25
8/18/2017,1.25
8/19/2017,1.25
8/20/2017,1.25
8/21/2017,1.25
8/22/2017,1.25
8/23/2017,1.25
8/24/2017,1.25
8/25/2017,1.25
8/26/2017,1.25
8/27/2017,1.25
8/28/2017,1.25
8/29/2017,1.25
8/30/2017,1.25
8/31/2017,1.25
9/1/2017,1.25
9/2/2017,1.25
9/3/2017,1.25
9/4/2017,1.25
9/5/2017,1.25
9/6/2017,1.25
9/7/2017,1.25
9/8/2017,1.25
9/9/2017,1.25
9/10/2017,1.25
9/11/2017,1.25
9/12/2017,1.25
9/13/2017,1.25
9/14/2017,1.25
9/15/2017,1.25
9/16/2017,1.25
9/17/2017,1.25
9/18/2017,1.25
9/19/2017,1.25
9/20/2017,1.25
9/21/2017,1.25
9/22/2017,1.25
9/23/2017,1.25
9/24/2017,1.25
9/25/2017,1.25
9/26/2017,1.25
9/27/2017,1.25
9/28/2017,1.25
9/29/2017,1.25
9/30/2017,1.25
10/1/2017,1.25
10/2/2017,1.25
10/3/2017,1.25
10/4/2017,1.25
10/5/2017,1.25
10/6/2017,1.25
10/7/2017,1.25
10/8/2017,1.25
10/9/2017,1.25
10/10/2017,1.25
10/11/2017,1.25
10/12/2017,1.25
10/13/2017,1.25
10/14/2017,1.25
10/15/2017,1.25
10/16/2017,1.25
10/17/2017,1.25
10/18/2017,1.25
10/19/2017,1.25
10/20/2017,1.25
10/21/2017,1.25
10/22/2017,1.25
10/23/2017,1.25
10/24/2017,1.25
10/25/2017,1.25
10/26/2017,1.25
10/27/2017,1.25
10/28/2017,1.25
10/29/2017,1.25
10/30/2017,1.25
10/31/2017,1.25
11/1/2017,1.25
11/2/2017,1.25
11/3/2017,1.25
11/4/2017,1.25
11/5/2017,1.25
11/6/2017,1.25
11/7/2017,1.25
11/8/2017,1.25
11/9/2017,1.25
11/10/2017,1.25
11/11/2017,1.25
11/12/2017,1.25
11/13/2017,1.25
11/14/2017,1.25
11/15/2017,1.25
11/16/2017,1.25
11/17/2017,1.25
11/18/2017,1.25
11/19/2017,1.25
11/20/2017,1.25
11/21/2017,1.25
11/22/2017,1.25
11/23/2017,1.25
11/24/2017,1.25
11/25/2017,1.25
11/26/2017,1.25
11/27/2017,1.25
11/28/2017,1.25
11/29/2017,1.25
11/30/2017,1.5
12/1/2017,1.5
12/2/2017,1.5
12/3/2017,1.5
12/4/2017,1.5
12/5/2017,1.5
12/6/2017,1.5
12/7/2017,1.5
12/8/2017,1.5
12/9/2017,1.5
12/10/2017,1.5
12/11/2017,1.5
12/12/2017,1.5
12/13/2017,1.5
12/14/2017,1.5
12/15/2017,1.5
12/16/2017,1.5
12/17/2017,1.5
12/18/2017,1.5
12/19/2017,1.5
12/20/2017,1.5
12/21/2017,1.5
12/22/2017,1.5
12/23/2017,1.5
12/24/2017,1.5
12/25/2017,1.5
12/26/2017,1.5
12/27/2017,1.5
12/28/2017,1.5
12/29/2017,1.5
12/30/2017,1.5
12/31/2017,1.5
1/1/2018,1.5
1/2/2018,1.5
1/3/2018,1.5
1/4/2018,1.5
1/5/2018,1.5
1/6/2018,1.5
1/7/2018,1.5
1/8/2018,1.5
1/9/2018,1.5
1/10/2018,1.5
1/11/2018,1.5
1/12/2018,1.5
1/13/2018,1.5
1/14/2018,1.5
1/15/2018,1.5
1/16/2018,1.5
1/17/2018,1.5
1/18/2018,1.5
1/19/2018,1.5
1/20/2018,1.5
1/21/2018,1.5
1/22/2018,1.5
1/23/2018,1.5
1/24/2018,1.5
1/25/2018,1.5
1/26/2018,1.5
1/27/2018,1.5
1/28/2018,1.5
1/29/2018,1.5
1/30/2018,1.5
1/31/2018,1.5
2/1/2018,1.5
2/2/2018,1.5
2/3/2018,1.5
2/4/2018,1.5
2/5/2018,1.5
2/6/2018,1.5
2/7/2018,1.5
2/8/2018,1.5
2/9/2018,1.5
2/10/2018,1.5
2/11/2018,1.5
2/12/2018,1.5
2/13/2018,1.5
2/14/2018,1.5
2/15/2018,1.5
2/16/2018,1.5
2/17/2018,1.5
2/18/2018,1.5
2/19/2018,1.5
2/20/2018,1.5
2/21/2018,1.5
2/22/2018,1.5
2/23/2018,1.5
2/24/2018,1.5
2/25/2018,1.5
2/26/2018,1.5
2/27/2018,1.5
2/28/2018,1.5
3/1/2018,1.5
3/2/2018,1.5
3/3/2018,1.5
3/4/2018,1.5
3/5/2018,1.5
3/6/2018,1.5
3/7/2018,1.5
3/8/2018,1.5
3/9/2018,1.5
3/10/2018,1.5
3/11/2018,1.5
3/12/2018,1.5
3/13/2018,1.5
3/14/2018,1.5
3/15/2018,1.5
3/16/2018,1.5
3/17/2018,1.5
3/18/2018,1.5
3/19/2018,1.5
3/20/2018,1.5
3/21/2018,1.5
3/22/2018,1.5
3/23/2018,1.5
3/24/2018,1.5
3/25/2018,1.5
3/26/2018,1.5
3/27/2018,1.5
3/28/2018,1.5
3/29/2018,1.5
3/30/2018,1.5
3/31/2018,1.5
4/1/2018,1.5
4/2/2018,1.5
4/3/2018,1.5
4/4/2018,1.5
4/5/2018,1.5
4/6/2018,1.5
4/7/2018,1.5
4/8/2018,1.5
4/9/2018,1.5
4/10/2018,1.5
4/11/2018,1.5
4/12/2018,1.5
4/13/2018,1.5
4/14/2018,1.5
4/15/2018,1.5
4/16/2018,1.5
4/17/2018,1.5
4/18/2018,1.5
4/19/2018,1.5
4/20/2018,1.5
4/21/2018,1.5
4/22/2018,1.5
4/23/2018,1.5
4/24/2018,1.5
4/25/2018,1.5
4/26/2018,1.5
4/27/2018,1.5
4/28/2018,1.5
4/29/2018,1.5
4/30/2018,1.5
5/1/2018,1.5
5/2/2018,1.5
5/3/2018,1.5
5/4/2018,1.5
5/5/2018,1.5
5/6/2018,1.5
5/7/2018,1.5
5/8/2018,1.5
5/9/2018,1.5
5/10/2018,1.5
5/11/2018,1.5
5/12/2018,1.5
5/13/2018,1.5
5/14/2018,1.5
5/15/2018,1.5
5/16/2018,1.5
5/17/2018,1.5
5/18/2018,1.5
5/19/2018,1.5
5/20/2018,1.5
5/21/2018,1.5
5/22/2018,1.5
5/23/2018,1.5
5/24/2018,1.5
5/25/2018,1.5
5/26/2018,1.5
5/27/2018,1.5
5/28/2018,1.5
5/29/2018,1.5
5/30/2018,1.5
5/31/2018,1.5
6/1/2018,1.5
6/2/2018,1.5
6/3/2018,1.5
6/4/2018,1.5
6/5/2018,1.5
6/6/2018,1.5
6/7/2018,1.5
6/8/2018,1.5
6/9/2018,1.5
6/10/2018,1.5
6/11/2018,1.5
6/12/2018,1.5
6/13/2018,1.5
6/14/2018,1.5
6/15/2018,1.5
6/16/2018,1.5
6/17/2018,1.5
6/18/2018,1.5
6/19/2018,1.5
6/20/2018,1.5
6/21/2018,1.5
6/22/2018,1.5
6/23/2018,1.5
6/24/2018,1.5
6/25/2018,1.5
6/26/2018,1.5
6/27/2018,1.5
6/28/2018,1.5
6/29/2018,1.5
6/30/2018,1.5
7/1/2018,1.5
7/2/2018,1.5
7/3/2018,1.5
7/4/2018,1.5
7/5/2018,1.5
7/6/2018,1.5
7/7/2018,1.5
7/8/2018,1.5
7/9/2018,1.5
7/10/2018,1.5
7/11/2018,1.5
7/12/2018,1.5
7/13/2018,1.5
7/14/2018,1.5
7/15/2018,1.5
7/16/2018,1.5
7/17/2018,1.5
7/18/2018,1.5
7/19/2018,1.5
7/20/2018,1.5
7/21/2018,1.5
7/22/2018,1.5
7/23/2018,1.5
7/24/2018,1.5
7/25/2018,1.5
7/26/2018,1.5
7/27/2018,1.5
7/28/2018,1.5
7/29/2018,1.5
7/30/2018,1.5
7/31/2018,1.5
8/1/2018,1.5
8/2/2018,1.5
8/3/2018,1.5
8/4/2018,1.5
8/5/2018,1.5
8/6/2018,1.5
8/7/2018,1.5
8/8/2018,1.5
8/9/2018,1.5
8/10/2018,1.5
8/11/2018,1.5
8/12/2018,1.5
8/13/2018,1.5
8/14/2018,1.5
8/15/2018,1.5
8/16/2018,1.5
8/17/2018,1.5
8/18/2018,1.5
8/19/2018,1.5
8/20/2018,1.5
8/21/2018,1.5
8/22/2018,1.5
8/23/2018,1.5
8/24/2018,1.5
8/25/2018,1.5
8/26/2018,1.5
8/27/2018,1.5
8/28/2018,1.5
8/29/2018,1.5
8/30/2018,1.5
8/31/2018,1.5
9/1/2018,1.5
9/2/2018,1.5
9/3/2018,1.5
9/4/2018,1.5
9/5/2018,1.5
9/6/2018,1.5
9/7/2018,1.5
9/8/2018,1.5
9/9/2018,1.5
9/10/2018,1.5
9/11/2018,1.5
9/12/2018,1.5
9/13/2018,1.5
9/14/2018,1.5
9/15/2018,1.5
9/16/2018,1.5
9/17/2018,1.5
9/18/2018,1.5
9/19/2018,1.5
9/20/2018,1.5
9/21/2018,1.5
9/22/2018,1.5
9/23/2018,1.5
9/24/2018,1.5
9/25/2018,1.5
9/26/2018,1.5
9/27/2018,1.5
9/28/2018,1.5
9/29/2018,1.5
9/30/2018,1.5
10/1/2018,1.5
10/2/2018,1.5
10/3/2018,1.5
10/4/2018,1.5
10/5/2018,1.5
10/6/2018,1.5
10/7/2018,1.5
10/8/2018,1.5
10/9/2018,1.5
10/10/2018,1.5
10/11/2018,1.5
10/12/2018,1.5
10/13/2018,1.5
10/14/2018,1.5
10/15/2018,1.5
10/16/2018,1.5
10/17/2018,1.5
10/18/2018,1.5
10/19/2018,1.5
10/20/2018,1.5
10/21/2018,1.5
10/22/2018,1.5
10/23/2018,1.5
10/24/2018,1.5
10/25/2018,1.5
10/26/2018,1.5
10/27/2018,1.5
10/28/2018,1.5
10/29/2018,1.5
10/30/2018,1.5
10/31/2018,1.5
11/1/2018,1.5
11/2/2018,1.5
11/3/2018,1.5
11/4/2018,1.5
11/5/2018,1.5
11/6/2018,1.5
11/7/2018,1.5
11/8/2018,1.5
11/9/2018,1.5
11/10/2018,1.5
11/11/2018,1.5
11/12/2018,1.5
11/13/2018,1.5
11/14/2018,1.5
11/15/2018,1.5
11/16/2018,1.5
11/17/2018,1.5
11/18/2018,1.5
11/19/2018,1.5
11/20/2018,1.5
11/21/2018,1.5
11/22/2018,1.5
11/23/2018,1.5
11/24/2018,1.5
11/25/2018,1.5
11/26/2018,1.5
11/27/2018,1.5
11/28/2018,1.5
11/29/2018,1.5
11/30/2018,1.75
12/1/2018,1.75
12/2/2018,1.75
12/3/2018,1.75
12/4/2018,1.75
12/5/2018,1.75
12/6/2018,1.75
12/7/2018,1.75
12/8/2018,1.75
12/9/2018,1.75
12/10/2018,1.75
12/11/2018,1.75
12/12/2018,1.75
12/13/2018,1.75
12/14/2018,1.75
12/15/2018,1.75
12/16/2018,1.75
12/17/2018,1.75
12/18/2018,1.75
12/19/2018,1.75
12/20/2018,1.75
12/21/2018,1.75
12/22/2018,1.75
12/23/2018,1.75
12/24/2018,1.75
12/25/2018,1.75
12/26/2018,1.75
12/27/2018,1.75
12/28/2018,1.75
12/29/2018,1.75
12/30/2018,1.75
12/31/2018,1.75
1/1/2019,1.75
1/2/2019,1.75
1/3/2019,1.75
1/4/2019,1.75
1/5/2019,1.75
1/6/2019,1.75
1/7/2019,1.75
1/8/2019,1.75
1/9/2019,1.75
1/10/2019,1.75
1/11/2019,1.75
1/12/2019,1.75
1/13/2019,1.75
1/14/2019,1.75
1/15/2019,1.75
1/16/2019,1.75
1/17/2019,1.75
1/18/2019,1.75
1/19/2019,1.75
1/20/2019,1.75
1/21/2019,1.75
1/22/2019,1.75
1/23/2019,1.75
1/24/2019,1.75
1/25/2019,1.75
1/26/2019,1.75
1/27/2019,1.75
1/28/2019,1.75
1/29/2019,1.75
1/30/2019,1.75
1/31/2019,1.75
2/1/2019,1.75
2/2/2019,1.75
2/3/2019,1.75
2/4/2019,1.75
2/5/2019,1.75
2/6/2019,1.75
2/7/2019,1.75
2/8/2019,1.75
2/9/2019,1.75
2/10/2019,1.75
2/11/2019,1.75
2/12/2019,1.75
2/13/2019,1.75
2/14/2019,1.75
2/15/2019,1.75
2/16/2019,1.75
2/17/2019,1.75
2/18/2019,1.75
2/19/2019,1.75
2/20/2019,1.75
2/21/2019,1.75
2/22/2019,1.75
2/23/2019,1.75
2/24/2019,1.75
2/25/2019,1.75
2/26/2019,1.75
2/27/2019,1.75
2/28/2019,1.75
3/1/2019,1.75
3/2/2019,1.75
3/3/2019,1.75
3/4/2019,1.75
3/5/2019,1.75
3/6/2019,1.75
3/7/2019,1.75
3/8/2019,1.75
3/9/2019,1.75
3/10/2019,1.75
3/11/2019,1.75
3/12/2019,1.75
3/13/2019,1.75
3/14/2019,1.75
3/15/2019,1.75
3/16/2019,1.75
3/17/2019,1.75
3/18/2019,1.75
3/19/2019,1.75
3/20/2019,1.75
3/21/2019,1.75
3/22/2019,1.75
3/23/2019,1.75
3/24/2019,1.75
3/25/2019,1.75
3/26/2019,1.75
3/27/2019,1.75
3/28/2019,1.75
3/29/2019,1.75
3/30/2019,1.75
3/31/2019,1.75
4/1/2019,1.75
4/2/2019,1.75
4/3/2019,1.75
4/4/2019,1.75
4/5/2019,1.75
4/6/2019,1.75
4/7/2019,1.75
4/8/2019,1.75
4/9/2019,1.75
4/10/2019,1.75
4/11/2019,1.75
4/12/2019,1.75
4/13/2019,1.75
4/14/2019,1.75
4/15/2019,1.75
4/16/2019,1.75
4/17/2019,1.75
4/18/2019,1.75
4/19/2019,1.75
4/20/2019,1.75
4/21/2019,1.75
4/22/2019,1.75
4/23/2019,1.75
4/24/2019,1.75
4/25/2019,1.75
4/26/2019,1.75
4/27/2019,1.75
4/28/2019,1.75
4/29/2019,1.75
4/30/2019,1.75
5/1/2019,1.75
5/2/2019,1.75
5/3/2019,1.75
5/4/2019,1.75
5/5/2019,1.75
5/6/2019,1.75
5/7/2019,1.75
5/8/2019,1.75
5/9/2019,1.75
5/10/2019,1.75
5/11/2019,1.75
5/12/2019,1.75
5/13/2019,1.75
5/14/2019,1.75
5/15/2019,1.75
5/16/2019,1.75
5/17/2019,1.75
5/18/2019,1.75
5/19/2019,1.75
5/20/2019,1.75
5/21/2019,1.75
5/22/2019,1.75
5/23/2019,1.75
5/24/2019,1.75
5/25/2019,1.75
5/26/2019,1.75
5/27/2019,1.75
5/28/2019,1.75
5/29/2019,1.75
5/30/2019,1.75
5/31/2019,1.75
6/1/2019,1.75
6/2/2019,1.75
6/3/2019,1.75
6/4/2019,1.75
6/5/2019,1.75
6/6/2019,1.75
6/7/2019,1.75
6/8/2019,1.75
6/9/2019,1.75
6/10/2019,1.75
6/11/2019,1.75
6/12/2019,1.75
6/13/2019,1.75
6/14/2019,1.75
6/15/2019,1.75
6/16/2019,1.75
6/17/2019,1.75
6/18/2019,1.75
6/19/2019,1.75
6/20/2019,1.75
6/21/2019,1.75
6/22/2019,1.75
6/23/2019,1.75
6/24/2019,1.75
6/25/2019,1.75
6/26/2019,1.75
6/27/2019,1.75
6/28/2019,1.75
6/29/2019,1.75
6/30/2019,1.75
7/1/2019,1.75
7/2/2019,1.75
7/3/2019,1.75
7/4/2019,1.75
7/5/2019,1.75
7/6/2019,1.75
7/7/2019,1.75
7/8/2019,1.75
7/9/2019,1.75
7/10/2019,1.75
7/11/2019,1.75
7/12/2019,1.75
7/13/2019,1.75
7/14/2019,1.75
7/15/2019,1.75
7/16/2019,1.75
7/17/2019,1.75
7/18/2019,1.5
7/19/2019,1.5
7/20/2019,1.5
7/21/2019,1.5
7/22/2019,1.5
7/23/2019,1.5
7/24/2019,1.5
7/25/2019,1.5
7/26/2019,1.5
7/27/2019,1.5
7/28/2019,1.5
7/29/2019,1.5
7/30/2019,1.5
7/31/2019,1.5
8/1/2019,1.5
8/2/2019,1.5
8/3/2019,1.5
8/4/2019,1.5
8/5/2019,1.5
8/6/2019,1.5
8/7/2019,1.5
8/8/2019,1.5
8/9/2019,1.5
8/10/2019,1.5
8/11/2019,1.5
8/12/2019,1.5
8/13/2019,1.5
8/14/2019,1.5
8/15/2019,1.5
8/16/2019,1.5
8/17/2019,1.5
8/18/2019,1.5
8/19/2019,1.5
8/20/2019,1.5
8/21/2019,1.5
8/22/2019,1.5
8/23/2019,1.5
8/24/2019,1.5
8/25/2019,1.5
8/26/2019,1.5
8/27/2019,1.5
8/28/2019,1.5
8/29/2019,1.5
8/30/2019,1.5
8/31/2019,1.5
9/1/2019,1.5
9/2/2019,1.5
9/3/2019,1.5
9/4/2019,1.5
9/5/2019,1.5
9/6/2019,1.5
9/7/2019,1.5
9/8/2019,1.5
9/9/2019,1.5
9/10/2019,1.5
9/11/2019,1.5
9/12/2019,1.5
9/13/2019,1.5
9/14/2019,1.5
9/15/2019,1.5
9/16/2019,1.5
9/17/2019,1.5
9/18/2019,1.5
9/19/2019,1.5
9/20/2019,1.5
9/21/2019,1.5
9/22/2019,1.5
9/23/2019,1.5
9/24/2019,1.5
9/25/2019,1.5
9/26/2019,1.5
9/27/2019,1.5
9/28/2019,1.5
9/29/2019,1.5
9/30/2019,1.5
10/1/2019,1.5
10/2/2019,1.5
10/3/2019,1.5
10/4/2019,1.5
10/5/2019,1.5
10/6/2019,1.5
10/7/2019,1.5
10/8/2019,1.5
10/9/2019,1.5
10/10/2019,1.5
10/11/2019,1.5
10/12/2019,1.5
10/13/2019,1.5
10/14/2019,1.5
10/15/2019,1.5
10/16/2019,1.25
10/17/2019,1.25
10/18/2019,1.25
10/19/2019,1.25
10/20/2019,1.25
10/21/2019,1.25
10/22/2019,1.25
10/23/2019,1.25
10/24/2019,1.25
10/25/2019,1.25
10/26/2019,1.25
10/27/2019,1.25
10/28/2019,1.25
10/29/2019,1.25
10/30/2019,1.25
10/31/2019,1.25
11/1/2019,1.25
11/2/2019,1.25
11/3/2019,1.25
11/4/2019,1.25
11/5/2019,1.25
11/6/2019,1.25
11/7/2019,1.25
11/8/2019,1.25
11/9/2019,1.25
11/10/2019,1.25
11/11/2019,1.25
11/12/2019,1.25
11/13/2019,1.25
11/14/2019,1.25
11/15/2019,1.25
11/16/2019,1.25
11/17/2019,1.25
11/18/2019,1.25
11/19/2019,1.25
11/20/2019,1.25
11/21/2019,1.25
11/22/2019,1.25
11/23/2019,1.25
11/24/2019,1.25
11/25/2019,1.25
11/26/2019,1.25
11/27/2019,1.25
11/28/2019,1.25
11/29/2019,1.25
11/30/2019,1.25
12/1/2019,1.25
12/2/2019,1.25
12/3/2019,1.25
12/4/2019,1.25
12/5/2019,1.25
12/6/2019,1.25
12/7/2019,1.25
12/8/2019,1.25
12/9/2019,1.25
12/10/2019,1.25
12/11/2019,1.25
12/12/2019,1.25
12/13/2019,1.25
12/14/2019,1.25
12/15/2019,1.25
12/16/2019,1.25
12/17/2019,1.25
12/18/2019,1.25
12/19/2019,1.25
12/20/2019,1.25
12/21/2019,1.25
12/22/2019,1.25
12/23/2019,1.25
12/24/2019,1.25
12/25/2019,1.25
12/26/2019,1.25
12/27/2019,1.25
12/28/2019,1.25
12/29/2019,1.25
12/30/2019,1.25
12/31/2019,1.25
1/1/2020,1.25
1/2/2020,1.25
1/3/2020,1.25
1/4/2020,1.25
1/5/2020,1.25
1/6/2020,1.25
1/7/2020,1.25
1/8/2020,1.25
1/9/2020,1.25
1/10/2020,1.25
1/11/2020,1.25
1/12/2020,1.25
1/13/2020,1.25
1/14/2020,1.25
1/15/2020,1.25
1/16/2020,1.25
1/17/2020,1.25
1/18/2020,1.25
1/19/2020,1.25
1/20/2020,1.25
1/21/2020,1.25
1/22/2020,1.25
1/23/2020,1.25
1/24/2020,1.25
1/25/2020,1.25
1/26/2020,1.25
1/27/2020,1.25
1/28/2020,1.25
1/29/2020,1.25
1/30/2020,1.25
1/31/2020,1.25
2/1/2020,1.25
2/2/2020,1.25
2/3/2020,1.25
2/4/2020,1.25
2/5/2020,1.25
2/6/2020,1.25
2/7/2020,1.25
2/8/2020,1.25
2/9/2020,1.25
2/10/2020,1.25
2/11/2020,1.25
2/12/2020,1.25
2/13/2020,1.25
2/14/2020,1.25
2/15/2020,1.25
2/16/2020,1.25
2/17/2020,1.25
2/18/2020,1.25
